True_k,Replication,Separation,N_Samples,N_Features,Method,Criterion,Candidate_Range,Estimated_k,Exact_Match,Signed_Bias,ARI_at_Estimated_k
2,0,6.0,800,2,K-Means,Silhouette,2-12,2,1,0,0.9900125003128916
2,0,6.0,800,2,K-Means,Davies-Bouldin,2-12,2,1,0,0.9900125003128916
2,0,6.0,800,2,K-Means,Calinski-Harabasz,2-12,2,1,0,0.9900125003128916
2,0,6.0,800,2,GMM,BIC,2-12,2,1,0,0.9850375245509264
2,0,6.0,800,2,GMM,AIC,2-12,2,1,0,0.9850375245509264
2,0,6.0,800,2,GMM,ICL,2-12,2,1,0,0.9850375245509264
2,0,6.0,800,2,GMM,BIC_Neff,2-12,2,1,0,0.9850375245509264
2,0,6.0,800,2,HMM,BIC,2-12,2,1,0,0.9900125003128916
2,0,6.0,800,2,HMM,AIC,2-12,2,1,0,0.9900125003128916
2,0,6.0,800,2,HMM,ICL,2-12,2,1,0,0.9900125003128916
2,0,6.0,800,2,K-Means,Gap (uniform),1-6,2,1,0,0.9900125003128916
2,0,6.0,800,2,K-Means,Prediction Strength,1-6,2,1,0,0.9900125003128916
2,1,6.0,800,2,K-Means,Silhouette,2-12,2,1,0,0.9900125
2,1,6.0,800,2,K-Means,Davies-Bouldin,2-12,2,1,0,0.9900125
2,1,6.0,800,2,K-Means,Calinski-Harabasz,2-12,2,1,0,0.9900125
2,1,6.0,800,2,GMM,BIC,2-12,2,1,0,0.9900125
2,1,6.0,800,2,GMM,AIC,2-12,2,1,0,0.9900125
2,1,6.0,800,2,GMM,ICL,2-12,2,1,0,0.9900125
2,1,6.0,800,2,GMM,BIC_Neff,2-12,2,1,0,0.9900125
2,1,6.0,800,2,HMM,BIC,2-12,2,1,0,0.9900125
2,1,6.0,800,2,HMM,AIC,2-12,2,1,0,0.9900125
2,1,6.0,800,2,HMM,ICL,2-12,2,1,0,0.9900125
2,1,6.0,800,2,K-Means,Gap (uniform),1-6,2,1,0,0.9900125
2,1,6.0,800,2,K-Means,Prediction Strength,1-6,2,1,0,0.9900125
2,2,6.0,800,2,K-Means,Silhouette,2-12,2,1,0,1.0
2,2,6.0,800,2,K-Means,Davies-Bouldin,2-12,2,1,0,1.0
2,2,6.0,800,2,K-Means,Calinski-Harabasz,2-12,2,1,0,1.0
2,2,6.0,800,2,GMM,BIC,2-12,2,1,0,1.0
2,2,6.0,800,2,GMM,AIC,2-12,2,1,0,1.0
2,2,6.0,800,2,GMM,ICL,2-12,2,1,0,1.0
2,2,6.0,800,2,GMM,BIC_Neff,2-12,2,1,0,1.0
2,2,6.0,800,2,HMM,BIC,2-12,2,1,0,1.0
2,2,6.0,800,2,HMM,AIC,2-12,2,1,0,1.0
2,2,6.0,800,2,HMM,ICL,2-12,2,1,0,1.0
2,2,6.0,800,2,K-Means,Gap (uniform),1-6,2,1,0,1.0
2,2,6.0,800,2,K-Means,Prediction Strength,1-6,2,1,0,1.0
2,3,6.0,800,2,K-Means,Silhouette,2-12,2,1,0,0.9949999922070802
2,3,6.0,800,2,K-Means,Davies-Bouldin,2-12,2,1,0,0.9949999922070802
2,3,6.0,800,2,K-Means,Calinski-Harabasz,2-12,2,1,0,0.9949999922070802
2,3,6.0,800,2,GMM,BIC,2-12,2,1,0,0.9900125003128916
2,3,6.0,800,2,GMM,AIC,2-12,3,0,1,0.7421207767381807
2,3,6.0,800,2,GMM,ICL,2-12,2,1,0,0.9900125003128916
2,3,6.0,800,2,GMM,BIC_Neff,2-12,2,1,0,0.9900125003128916
2,3,6.0,800,2,HMM,BIC,2-12,3,0,1,0.9554671030537856
2,3,6.0,800,2,HMM,AIC,2-12,4,0,2,0.9087697706588418
2,3,6.0,800,2,HMM,ICL,2-12,4,0,2,0.9087697706588418
2,3,6.0,800,2,K-Means,Gap (uniform),1-6,2,1,0,0.9949999922070802
2,3,6.0,800,2,K-Means,Prediction Strength,1-6,2,1,0,0.9949999922070802
2,4,6.0,800,2,K-Means,Silhouette,2-12,2,1,0,1.0
2,4,6.0,800,2,K-Means,Davies-Bouldin,2-12,2,1,0,1.0
2,4,6.0,800,2,K-Means,Calinski-Harabasz,2-12,2,1,0,1.0
2,4,6.0,800,2,GMM,BIC,2-12,2,1,0,1.0
2,4,6.0,800,2,GMM,AIC,2-12,2,1,0,1.0
2,4,6.0,800,2,GMM,ICL,2-12,2,1,0,1.0
2,4,6.0,800,2,GMM,BIC_Neff,2-12,2,1,0,1.0
2,4,6.0,800,2,HMM,BIC,2-12,3,0,1,0.785774532797701
2,4,6.0,800,2,HMM,AIC,2-12,3,0,1,0.785774532797701
2,4,6.0,800,2,HMM,ICL,2-12,4,0,2,0.9470364689735499
2,4,6.0,800,2,K-Means,Gap (uniform),1-6,2,1,0,1.0
2,4,6.0,800,2,K-Means,Prediction Strength,1-6,2,1,0,1.0
2,5,6.0,800,2,K-Means,Silhouette,2-12,2,1,0,0.9900125003128916
2,5,6.0,800,2,K-Means,Davies-Bouldin,2-12,2,1,0,0.9900125003128916
2,5,6.0,800,2,K-Means,Calinski-Harabasz,2-12,2,1,0,0.9900125003128916
2,5,6.0,800,2,GMM,BIC,2-12,2,1,0,0.9900125003128916
2,5,6.0,800,2,GMM,AIC,2-12,2,1,0,0.9900125003128916
2,5,6.0,800,2,GMM,ICL,2-12,2,1,0,0.9900125003128916
2,5,6.0,800,2,GMM,BIC_Neff,2-12,2,1,0,0.9900125003128916
2,5,6.0,800,2,HMM,BIC,2-12,2,1,0,0.9949999922070802
2,5,6.0,800,2,HMM,AIC,2-12,2,1,0,0.9949999922070802
2,5,6.0,800,2,HMM,ICL,2-12,2,1,0,0.9949999922070802
2,5,6.0,800,2,K-Means,Gap (uniform),1-6,2,1,0,0.9900125003128916
2,5,6.0,800,2,K-Means,Prediction Strength,1-6,2,1,0,0.9900125003128916
2,6,6.0,800,2,K-Means,Silhouette,2-12,2,1,0,0.9949999922070802
2,6,6.0,800,2,K-Means,Davies-Bouldin,2-12,2,1,0,0.9949999922070802
2,6,6.0,800,2,K-Means,Calinski-Harabasz,2-12,2,1,0,0.9949999922070802
2,6,6.0,800,2,GMM,BIC,2-12,2,1,0,0.9900125003128916
2,6,6.0,800,2,GMM,AIC,2-12,2,1,0,0.9900125003128916
2,6,6.0,800,2,GMM,ICL,2-12,2,1,0,0.9900125003128916
2,6,6.0,800,2,GMM,BIC_Neff,2-12,2,1,0,0.9900125003128916
2,6,6.0,800,2,HMM,BIC,2-12,2,1,0,0.9900125003128916
2,6,6.0,800,2,HMM,AIC,2-12,2,1,0,0.9900125003128916
2,6,6.0,800,2,HMM,ICL,2-12,2,1,0,0.9900125003128916
2,6,6.0,800,2,K-Means,Gap (uniform),1-6,2,1,0,0.9949999922070802
2,6,6.0,800,2,K-Means,Prediction Strength,1-6,2,1,0,0.9949999922070802
2,7,6.0,800,2,K-Means,Silhouette,2-12,2,1,0,0.9949999922070802
2,7,6.0,800,2,K-Means,Davies-Bouldin,2-12,2,1,0,0.9949999922070802
2,7,6.0,800,2,K-Means,Calinski-Harabasz,2-12,2,1,0,0.9949999922070802
2,7,6.0,800,2,GMM,BIC,2-12,2,1,0,0.9949999922070802
2,7,6.0,800,2,GMM,AIC,2-12,2,1,0,0.9949999922070802
2,7,6.0,800,2,GMM,ICL,2-12,2,1,0,0.9949999922070802
2,7,6.0,800,2,GMM,BIC_Neff,2-12,2,1,0,0.9949999922070802
2,7,6.0,800,2,HMM,BIC,2-12,3,0,1,0.9900312115816947
2,7,6.0,800,2,HMM,AIC,2-12,3,0,1,0.9900312115816947
2,7,6.0,800,2,HMM,ICL,2-12,3,0,1,0.9900312115816947
2,7,6.0,800,2,K-Means,Gap (uniform),1-6,2,1,0,0.9949999922070802
2,7,6.0,800,2,K-Means,Prediction Strength,1-6,2,1,0,0.9949999922070802
2,8,6.0,800,2,K-Means,Silhouette,2-12,2,1,0,0.9800750632808564
2,8,6.0,800,2,K-Means,Davies-Bouldin,2-12,2,1,0,0.9800750632808564
2,8,6.0,800,2,K-Means,Calinski-Harabasz,2-12,2,1,0,0.9800750632808564
2,8,6.0,800,2,GMM,BIC,2-12,2,1,0,0.9850375245509264
2,8,6.0,800,2,GMM,AIC,2-12,2,1,0,0.9850375245509264
2,8,6.0,800,2,GMM,ICL,2-12,2,1,0,0.9850375245509264
2,8,6.0,800,2,GMM,BIC_Neff,2-12,2,1,0,0.9850375245509264
2,8,6.0,800,2,HMM,BIC,2-12,2,1,0,0.9800750632808564
2,8,6.0,800,2,HMM,AIC,2-12,2,1,0,0.9800750632808564
2,8,6.0,800,2,HMM,ICL,2-12,2,1,0,0.9800750632808564
2,8,6.0,800,2,K-Means,Gap (uniform),1-6,2,1,0,0.9800750632808564
2,8,6.0,800,2,K-Means,Prediction Strength,1-6,2,1,0,0.9800750632808564
2,9,6.0,800,2,K-Means,Silhouette,2-12,2,1,0,0.9900125003128916
2,9,6.0,800,2,K-Means,Davies-Bouldin,2-12,2,1,0,0.9900125003128916
2,9,6.0,800,2,K-Means,Calinski-Harabasz,2-12,2,1,0,0.9900125003128916
2,9,6.0,800,2,GMM,BIC,2-12,2,1,0,0.9949999922070802
2,9,6.0,800,2,GMM,AIC,2-12,2,1,0,0.9949999922070802
2,9,6.0,800,2,GMM,ICL,2-12,2,1,0,0.9949999922070802
2,9,6.0,800,2,GMM,BIC_Neff,2-12,2,1,0,0.9949999922070802
2,9,6.0,800,2,HMM,BIC,2-12,2,1,0,0.9949999922070802
2,9,6.0,800,2,HMM,AIC,2-12,2,1,0,0.9949999922070802
2,9,6.0,800,2,HMM,ICL,2-12,2,1,0,0.9949999922070802
2,9,6.0,800,2,K-Means,Gap (uniform),1-6,2,1,0,0.9900125003128916
2,9,6.0,800,2,K-Means,Prediction Strength,1-6,2,1,0,0.9900125003128916
2,10,6.0,800,2,K-Means,Silhouette,2-12,2,1,0,0.9949999922070802
2,10,6.0,800,2,K-Means,Davies-Bouldin,2-12,2,1,0,0.9949999922070802
2,10,6.0,800,2,K-Means,Calinski-Harabasz,2-12,2,1,0,0.9949999922070802
2,10,6.0,800,2,GMM,BIC,2-12,2,1,0,0.9949999922070802
2,10,6.0,800,2,GMM,AIC,2-12,2,1,0,0.9949999922070802
2,10,6.0,800,2,GMM,ICL,2-12,2,1,0,0.9949999922070802
2,10,6.0,800,2,GMM,BIC_Neff,2-12,2,1,0,0.9949999922070802
2,10,6.0,800,2,HMM,BIC,2-12,2,1,0,0.9949999922070802
2,10,6.0,800,2,HMM,AIC,2-12,4,0,2,0.7624638921593784
2,10,6.0,800,2,HMM,ICL,2-12,2,1,0,0.9949999922070802
2,10,6.0,800,2,K-Means,Gap (uniform),1-6,2,1,0,0.9949999922070802
2,10,6.0,800,2,K-Means,Prediction Strength,1-6,2,1,0,0.9949999922070802
2,11,6.0,800,2,K-Means,Silhouette,2-12,2,1,0,1.0
2,11,6.0,800,2,K-Means,Davies-Bouldin,2-12,2,1,0,1.0
2,11,6.0,800,2,K-Means,Calinski-Harabasz,2-12,2,1,0,1.0
2,11,6.0,800,2,GMM,BIC,2-12,2,1,0,1.0
2,11,6.0,800,2,GMM,AIC,2-12,2,1,0,1.0
2,11,6.0,800,2,GMM,ICL,2-12,2,1,0,1.0
2,11,6.0,800,2,GMM,BIC_Neff,2-12,2,1,0,1.0
2,11,6.0,800,2,HMM,BIC,2-12,3,0,1,0.7617308468276445
2,11,6.0,800,2,HMM,AIC,2-12,3,0,1,0.7617308468276445
2,11,6.0,800,2,HMM,ICL,2-12,5,0,3,0.9108097149809089
2,11,6.0,800,2,K-Means,Gap (uniform),1-6,2,1,0,1.0
2,11,6.0,800,2,K-Means,Prediction Strength,1-6,2,1,0,1.0
2,12,6.0,800,2,K-Means,Silhouette,2-12,2,1,0,1.0
2,12,6.0,800,2,K-Means,Davies-Bouldin,2-12,2,1,0,1.0
2,12,6.0,800,2,K-Means,Calinski-Harabasz,2-12,2,1,0,1.0
2,12,6.0,800,2,GMM,BIC,2-12,2,1,0,0.9900125003128916
2,12,6.0,800,2,GMM,AIC,2-12,2,1,0,0.9900125003128916
2,12,6.0,800,2,GMM,ICL,2-12,2,1,0,0.9900125003128916
2,12,6.0,800,2,GMM,BIC_Neff,2-12,2,1,0,0.9900125003128916
2,12,6.0,800,2,HMM,BIC,2-12,2,1,0,0.9900125003128916
2,12,6.0,800,2,HMM,AIC,2-12,2,1,0,0.9900125003128916
2,12,6.0,800,2,HMM,ICL,2-12,2,1,0,0.9900125003128916
2,12,6.0,800,2,K-Means,Gap (uniform),1-6,2,1,0,1.0
2,12,6.0,800,2,K-Means,Prediction Strength,1-6,2,1,0,1.0
2,13,6.0,800,2,K-Means,Silhouette,2-12,2,1,0,0.9900125003128916
2,13,6.0,800,2,K-Means,Davies-Bouldin,2-12,2,1,0,0.9900125003128916
2,13,6.0,800,2,K-Means,Calinski-Harabasz,2-12,2,1,0,0.9900125003128916
2,13,6.0,800,2,GMM,BIC,2-12,2,1,0,0.9900125003128916
2,13,6.0,800,2,GMM,AIC,2-12,2,1,0,0.9900125003128916
2,13,6.0,800,2,GMM,ICL,2-12,2,1,0,0.9900125003128916
2,13,6.0,800,2,GMM,BIC_Neff,2-12,2,1,0,0.9900125003128916
2,13,6.0,800,2,HMM,BIC,2-12,2,1,0,0.9900125003128916
2,13,6.0,800,2,HMM,AIC,2-12,2,1,0,0.9900125003128916
2,13,6.0,800,2,HMM,ICL,2-12,2,1,0,0.9900125003128916
2,13,6.0,800,2,K-Means,Gap (uniform),1-6,2,1,0,0.9900125003128916
2,13,6.0,800,2,K-Means,Prediction Strength,1-6,2,1,0,0.9900125003128916
2,14,6.0,800,2,K-Means,Silhouette,2-12,2,1,0,0.9949999922070802
2,14,6.0,800,2,K-Means,Davies-Bouldin,2-12,2,1,0,0.9949999922070802
2,14,6.0,800,2,K-Means,Calinski-Harabasz,2-12,2,1,0,0.9949999922070802
2,14,6.0,800,2,GMM,BIC,2-12,2,1,0,1.0
2,14,6.0,800,2,GMM,AIC,2-12,2,1,0,1.0
2,14,6.0,800,2,GMM,ICL,2-12,2,1,0,1.0
2,14,6.0,800,2,GMM,BIC_Neff,2-12,2,1,0,1.0
2,14,6.0,800,2,HMM,BIC,2-12,3,0,1,0.7994302903183738
2,14,6.0,800,2,HMM,AIC,2-12,3,0,1,0.7994302903183738
2,14,6.0,800,2,HMM,ICL,2-12,4,0,2,0.6817833057678258
2,14,6.0,800,2,K-Means,Gap (uniform),1-6,2,1,0,0.9949999922070802
2,14,6.0,800,2,K-Means,Prediction Strength,1-6,2,1,0,0.9949999922070802
2,15,6.0,800,2,K-Means,Silhouette,2-12,2,1,0,1.0
2,15,6.0,800,2,K-Means,Davies-Bouldin,2-12,2,1,0,1.0
2,15,6.0,800,2,K-Means,Calinski-Harabasz,2-12,2,1,0,1.0
2,15,6.0,800,2,GMM,BIC,2-12,2,1,0,1.0
2,15,6.0,800,2,GMM,AIC,2-12,2,1,0,1.0
2,15,6.0,800,2,GMM,ICL,2-12,2,1,0,1.0
2,15,6.0,800,2,GMM,BIC_Neff,2-12,2,1,0,1.0
2,15,6.0,800,2,HMM,BIC,2-12,2,1,0,1.0
2,15,6.0,800,2,HMM,AIC,2-12,2,1,0,1.0
2,15,6.0,800,2,HMM,ICL,2-12,2,1,0,1.0
2,15,6.0,800,2,K-Means,Gap (uniform),1-6,2,1,0,1.0
2,15,6.0,800,2,K-Means,Prediction Strength,1-6,2,1,0,1.0
2,16,6.0,800,2,K-Means,Silhouette,2-12,2,1,0,1.0
2,16,6.0,800,2,K-Means,Davies-Bouldin,2-12,2,1,0,1.0
2,16,6.0,800,2,K-Means,Calinski-Harabasz,2-12,2,1,0,1.0
2,16,6.0,800,2,GMM,BIC,2-12,2,1,0,1.0
2,16,6.0,800,2,GMM,AIC,2-12,2,1,0,1.0
2,16,6.0,800,2,GMM,ICL,2-12,2,1,0,1.0
2,16,6.0,800,2,GMM,BIC_Neff,2-12,2,1,0,1.0
2,16,6.0,800,2,HMM,BIC,2-12,3,0,1,0.9754247410347173
2,16,6.0,800,2,HMM,AIC,2-12,3,0,1,0.9754247410347173
2,16,6.0,800,2,HMM,ICL,2-12,3,0,1,0.9754247410347173
2,16,6.0,800,2,K-Means,Gap (uniform),1-6,2,1,0,1.0
2,16,6.0,800,2,K-Means,Prediction Strength,1-6,2,1,0,1.0
2,17,6.0,800,2,K-Means,Silhouette,2-12,2,1,0,1.0
2,17,6.0,800,2,K-Means,Davies-Bouldin,2-12,2,1,0,1.0
2,17,6.0,800,2,K-Means,Calinski-Harabasz,2-12,2,1,0,1.0
2,17,6.0,800,2,GMM,BIC,2-12,2,1,0,1.0
2,17,6.0,800,2,GMM,AIC,2-12,2,1,0,1.0
2,17,6.0,800,2,GMM,ICL,2-12,2,1,0,1.0
2,17,6.0,800,2,GMM,BIC_Neff,2-12,2,1,0,1.0
2,17,6.0,800,2,HMM,BIC,2-12,2,1,0,1.0
2,17,6.0,800,2,HMM,AIC,2-12,2,1,0,1.0
2,17,6.0,800,2,HMM,ICL,2-12,2,1,0,1.0
2,17,6.0,800,2,K-Means,Gap (uniform),1-6,2,1,0,1.0
2,17,6.0,800,2,K-Means,Prediction Strength,1-6,2,1,0,1.0
2,18,6.0,800,2,K-Means,Silhouette,2-12,2,1,0,0.9949999922070802
2,18,6.0,800,2,K-Means,Davies-Bouldin,2-12,2,1,0,0.9949999922070802
2,18,6.0,800,2,K-Means,Calinski-Harabasz,2-12,2,1,0,0.9949999922070802
2,18,6.0,800,2,GMM,BIC,2-12,2,1,0,0.9949999922070802
2,18,6.0,800,2,GMM,AIC,2-12,2,1,0,0.9949999922070802
2,18,6.0,800,2,GMM,ICL,2-12,2,1,0,0.9949999922070802
2,18,6.0,800,2,GMM,BIC_Neff,2-12,2,1,0,0.9949999922070802
2,18,6.0,800,2,HMM,BIC,2-12,2,1,0,0.9949999922070802
2,18,6.0,800,2,HMM,AIC,2-12,2,1,0,0.9949999922070802
2,18,6.0,800,2,HMM,ICL,2-12,2,1,0,0.9949999922070802
2,18,6.0,800,2,K-Means,Gap (uniform),1-6,2,1,0,0.9949999922070802
2,18,6.0,800,2,K-Means,Prediction Strength,1-6,2,1,0,0.9949999922070802
2,19,6.0,800,2,K-Means,Silhouette,2-12,2,1,0,0.9949999922070802
2,19,6.0,800,2,K-Means,Davies-Bouldin,2-12,2,1,0,0.9949999922070802
2,19,6.0,800,2,K-Means,Calinski-Harabasz,2-12,2,1,0,0.9949999922070802
2,19,6.0,800,2,GMM,BIC,2-12,2,1,0,0.9949999922070802
2,19,6.0,800,2,GMM,AIC,2-12,2,1,0,0.9949999922070802
2,19,6.0,800,2,GMM,ICL,2-12,2,1,0,0.9949999922070802
2,19,6.0,800,2,GMM,BIC_Neff,2-12,2,1,0,0.9949999922070802
2,19,6.0,800,2,HMM,BIC,2-12,2,1,0,0.9949999922070802
2,19,6.0,800,2,HMM,AIC,2-12,2,1,0,0.9949999922070802
2,19,6.0,800,2,HMM,ICL,2-12,2,1,0,0.9949999922070802
2,19,6.0,800,2,K-Means,Gap (uniform),1-6,2,1,0,0.9949999922070802
2,19,6.0,800,2,K-Means,Prediction Strength,1-6,2,1,0,0.9949999922070802
2,20,6.0,800,2,K-Means,Silhouette,2-12,2,1,0,0.9900125003128916
2,20,6.0,800,2,K-Means,Davies-Bouldin,2-12,2,1,0,0.9900125003128916
2,20,6.0,800,2,K-Means,Calinski-Harabasz,2-12,2,1,0,0.9900125003128916
2,20,6.0,800,2,GMM,BIC,2-12,2,1,0,0.9900125
2,20,6.0,800,2,GMM,AIC,2-12,2,1,0,0.9900125
2,20,6.0,800,2,GMM,ICL,2-12,2,1,0,0.9900125
2,20,6.0,800,2,GMM,BIC_Neff,2-12,2,1,0,0.9900125
2,20,6.0,800,2,HMM,BIC,2-12,2,1,0,0.9949999922070802
2,20,6.0,800,2,HMM,AIC,2-12,2,1,0,0.9949999922070802
2,20,6.0,800,2,HMM,ICL,2-12,2,1,0,0.9949999922070802
2,20,6.0,800,2,K-Means,Gap (uniform),1-6,2,1,0,0.9900125003128916
2,20,6.0,800,2,K-Means,Prediction Strength,1-6,2,1,0,0.9900125003128916
2,21,6.0,800,2,K-Means,Silhouette,2-12,2,1,0,0.9949999922070802
2,21,6.0,800,2,K-Means,Davies-Bouldin,2-12,2,1,0,0.9949999922070802
2,21,6.0,800,2,K-Means,Calinski-Harabasz,2-12,2,1,0,0.9949999922070802
2,21,6.0,800,2,GMM,BIC,2-12,2,1,0,0.9949999922070802
2,21,6.0,800,2,GMM,AIC,2-12,3,0,1,0.7631161349544731
2,21,6.0,800,2,GMM,ICL,2-12,2,1,0,0.9949999922070802
2,21,6.0,800,2,GMM,BIC_Neff,2-12,3,0,1,0.7631161349544731
2,21,6.0,800,2,HMM,BIC,2-12,2,1,0,0.9949999922070802
2,21,6.0,800,2,HMM,AIC,2-12,2,1,0,0.9949999922070802
2,21,6.0,800,2,HMM,ICL,2-12,2,1,0,0.9949999922070802
2,21,6.0,800,2,K-Means,Gap (uniform),1-6,2,1,0,0.9949999922070802
2,21,6.0,800,2,K-Means,Prediction Strength,1-6,3,0,1,0.7490275026445913
2,22,6.0,800,2,K-Means,Silhouette,2-12,2,1,0,0.9900125
2,22,6.0,800,2,K-Means,Davies-Bouldin,2-12,2,1,0,0.9900125
2,22,6.0,800,2,K-Means,Calinski-Harabasz,2-12,2,1,0,0.9900125
2,22,6.0,800,2,GMM,BIC,2-12,2,1,0,0.9900125
2,22,6.0,800,2,GMM,AIC,2-12,2,1,0,0.9900125
2,22,6.0,800,2,GMM,ICL,2-12,2,1,0,0.9900125
2,22,6.0,800,2,GMM,BIC_Neff,2-12,2,1,0,0.9900125
2,22,6.0,800,2,HMM,BIC,2-12,2,1,0,0.9900125
2,22,6.0,800,2,HMM,AIC,2-12,2,1,0,0.9900125
2,22,6.0,800,2,HMM,ICL,2-12,2,1,0,0.9900125
2,22,6.0,800,2,K-Means,Gap (uniform),1-6,2,1,0,0.9900125
2,22,6.0,800,2,K-Means,Prediction Strength,1-6,3,0,1,0.7462089530596759
2,23,6.0,800,2,K-Means,Silhouette,2-12,2,1,0,0.9850375245509264
2,23,6.0,800,2,K-Means,Davies-Bouldin,2-12,2,1,0,0.9850375245509264
2,23,6.0,800,2,K-Means,Calinski-Harabasz,2-12,2,1,0,0.9850375245509264
2,23,6.0,800,2,GMM,BIC,2-12,2,1,0,0.9800750651535006
2,23,6.0,800,2,GMM,AIC,2-12,2,1,0,0.9800750651535006
2,23,6.0,800,2,GMM,ICL,2-12,2,1,0,0.9800750651535006
2,23,6.0,800,2,GMM,BIC_Neff,2-12,2,1,0,0.9800750651535006
2,23,6.0,800,2,HMM,BIC,2-12,2,1,0,0.9800750651535006
2,23,6.0,800,2,HMM,AIC,2-12,2,1,0,0.9800750651535006
2,23,6.0,800,2,HMM,ICL,2-12,2,1,0,0.9800750651535006
2,23,6.0,800,2,K-Means,Gap (uniform),1-6,2,1,0,0.9850375245509264
2,23,6.0,800,2,K-Means,Prediction Strength,1-6,2,1,0,0.9850375245509264
2,24,6.0,800,2,K-Means,Silhouette,2-12,2,1,0,0.9900125
2,24,6.0,800,2,K-Means,Davies-Bouldin,2-12,2,1,0,0.9900125
2,24,6.0,800,2,K-Means,Calinski-Harabasz,2-12,2,1,0,0.9900125
2,24,6.0,800,2,GMM,BIC,2-12,2,1,0,0.9900125
2,24,6.0,800,2,GMM,AIC,2-12,2,1,0,0.9900125
2,24,6.0,800,2,GMM,ICL,2-12,2,1,0,0.9900125
2,24,6.0,800,2,GMM,BIC_Neff,2-12,2,1,0,0.9900125
2,24,6.0,800,2,HMM,BIC,2-12,2,1,0,0.9900125
2,24,6.0,800,2,HMM,AIC,2-12,2,1,0,0.9900125
2,24,6.0,800,2,HMM,ICL,2-12,2,1,0,0.9900125
2,24,6.0,800,2,K-Means,Gap (uniform),1-6,2,1,0,0.9900125
2,24,6.0,800,2,K-Means,Prediction Strength,1-6,2,1,0,0.9900125
2,25,6.0,800,2,K-Means,Silhouette,2-12,2,1,0,0.9949999922070802
2,25,6.0,800,2,K-Means,Davies-Bouldin,2-12,2,1,0,0.9949999922070802
2,25,6.0,800,2,K-Means,Calinski-Harabasz,2-12,2,1,0,0.9949999922070802
2,25,6.0,800,2,GMM,BIC,2-12,2,1,0,0.9949999922070802
2,25,6.0,800,2,GMM,AIC,2-12,2,1,0,0.9949999922070802
2,25,6.0,800,2,GMM,ICL,2-12,2,1,0,0.9949999922070802
2,25,6.0,800,2,GMM,BIC_Neff,2-12,2,1,0,0.9949999922070802
2,25,6.0,800,2,HMM,BIC,2-12,2,1,0,0.9949999922070802
2,25,6.0,800,2,HMM,AIC,2-12,2,1,0,0.9949999922070802
2,25,6.0,800,2,HMM,ICL,2-12,2,1,0,0.9949999922070802
2,25,6.0,800,2,K-Means,Gap (uniform),1-6,2,1,0,0.9949999922070802
2,25,6.0,800,2,K-Means,Prediction Strength,1-6,2,1,0,0.9949999922070802
2,26,6.0,800,2,K-Means,Silhouette,2-12,2,1,0,0.9949999922070802
2,26,6.0,800,2,K-Means,Davies-Bouldin,2-12,2,1,0,0.9949999922070802
2,26,6.0,800,2,K-Means,Calinski-Harabasz,2-12,2,1,0,0.9949999922070802
2,26,6.0,800,2,GMM,BIC,2-12,2,1,0,0.9949999922070802
2,26,6.0,800,2,GMM,AIC,2-12,2,1,0,0.9949999922070802
2,26,6.0,800,2,GMM,ICL,2-12,2,1,0,0.9949999922070802
2,26,6.0,800,2,GMM,BIC_Neff,2-12,2,1,0,0.9949999922070802
2,26,6.0,800,2,HMM,BIC,2-12,2,1,0,0.9949999922070802
2,26,6.0,800,2,HMM,AIC,2-12,2,1,0,0.9949999922070802
2,26,6.0,800,2,HMM,ICL,2-12,2,1,0,0.9949999922070802
2,26,6.0,800,2,K-Means,Gap (uniform),1-6,2,1,0,0.9949999922070802
2,26,6.0,800,2,K-Means,Prediction Strength,1-6,2,1,0,0.9949999922070802
2,27,6.0,800,2,K-Means,Silhouette,2-12,2,1,0,0.9949999922070802
2,27,6.0,800,2,K-Means,Davies-Bouldin,2-12,2,1,0,0.9949999922070802
2,27,6.0,800,2,K-Means,Calinski-Harabasz,2-12,2,1,0,0.9949999922070802
2,27,6.0,800,2,GMM,BIC,2-12,2,1,0,0.9949999922070802
2,27,6.0,800,2,GMM,AIC,2-12,2,1,0,0.9949999922070802
2,27,6.0,800,2,GMM,ICL,2-12,2,1,0,0.9949999922070802
2,27,6.0,800,2,GMM,BIC_Neff,2-12,2,1,0,0.9949999922070802
2,27,6.0,800,2,HMM,BIC,2-12,3,0,1,0.9776402821123079
2,27,6.0,800,2,HMM,AIC,2-12,3,0,1,0.9776402821123079
2,27,6.0,800,2,HMM,ICL,2-12,3,0,1,0.9776402821123079
2,27,6.0,800,2,K-Means,Gap (uniform),1-6,2,1,0,0.9949999922070802
2,27,6.0,800,2,K-Means,Prediction Strength,1-6,2,1,0,0.9949999922070802
2,28,6.0,800,2,K-Means,Silhouette,2-12,2,1,0,1.0
2,28,6.0,800,2,K-Means,Davies-Bouldin,2-12,2,1,0,1.0
2,28,6.0,800,2,K-Means,Calinski-Harabasz,2-12,2,1,0,1.0
2,28,6.0,800,2,GMM,BIC,2-12,2,1,0,1.0
2,28,6.0,800,2,GMM,AIC,2-12,2,1,0,1.0
2,28,6.0,800,2,GMM,ICL,2-12,2,1,0,1.0
2,28,6.0,800,2,GMM,BIC_Neff,2-12,2,1,0,1.0
2,28,6.0,800,2,HMM,BIC,2-12,2,1,0,1.0
2,28,6.0,800,2,HMM,AIC,2-12,2,1,0,1.0
2,28,6.0,800,2,HMM,ICL,2-12,2,1,0,1.0
2,28,6.0,800,2,K-Means,Gap (uniform),1-6,2,1,0,1.0
2,28,6.0,800,2,K-Means,Prediction Strength,1-6,2,1,0,1.0
2,29,6.0,800,2,K-Means,Silhouette,2-12,2,1,0,1.0
2,29,6.0,800,2,K-Means,Davies-Bouldin,2-12,2,1,0,1.0
2,29,6.0,800,2,K-Means,Calinski-Harabasz,2-12,2,1,0,1.0
2,29,6.0,800,2,GMM,BIC,2-12,2,1,0,1.0
2,29,6.0,800,2,GMM,AIC,2-12,2,1,0,1.0
2,29,6.0,800,2,GMM,ICL,2-12,2,1,0,1.0
2,29,6.0,800,2,GMM,BIC_Neff,2-12,2,1,0,1.0
2,29,6.0,800,2,HMM,BIC,2-12,2,1,0,1.0
2,29,6.0,800,2,HMM,AIC,2-12,2,1,0,1.0
2,29,6.0,800,2,HMM,ICL,2-12,2,1,0,1.0
2,29,6.0,800,2,K-Means,Gap (uniform),1-6,2,1,0,1.0
2,29,6.0,800,2,K-Means,Prediction Strength,1-6,3,0,1,0.7523696976258488
3,0,6.0,1200,2,K-Means,Silhouette,2-12,3,1,0,0.9900239948840279
3,0,6.0,1200,2,K-Means,Davies-Bouldin,2-12,3,1,0,0.9900239948840279
3,0,6.0,1200,2,K-Means,Calinski-Harabasz,2-12,3,1,0,0.9900239948840279
3,0,6.0,1200,2,GMM,BIC,2-12,3,1,0,0.992509388063219
3,0,6.0,1200,2,GMM,AIC,2-12,3,1,0,0.992509388063219
3,0,6.0,1200,2,GMM,ICL,2-12,3,1,0,0.992509388063219
3,0,6.0,1200,2,GMM,BIC_Neff,2-12,3,1,0,0.992509388063219
3,0,6.0,1200,2,HMM,BIC,2-12,5,0,2,0.9101706456169029
3,0,6.0,1200,2,HMM,AIC,2-12,5,0,2,0.9101706456169029
3,0,6.0,1200,2,HMM,ICL,2-12,5,0,2,0.9101706456169029
3,0,6.0,1200,2,K-Means,Gap (uniform),1-6,3,1,0,0.9900239948840279
3,0,6.0,1200,2,K-Means,Prediction Strength,1-6,3,1,0,0.9900239948840279
3,1,6.0,1200,2,K-Means,Silhouette,2-12,3,1,0,0.9974989557302599
3,1,6.0,1200,2,K-Means,Davies-Bouldin,2-12,3,1,0,0.9974989557302599
3,1,6.0,1200,2,K-Means,Calinski-Harabasz,2-12,3,1,0,0.9974989557302599
3,1,6.0,1200,2,GMM,BIC,2-12,3,1,0,0.9974989557302599
3,1,6.0,1200,2,GMM,AIC,2-12,3,1,0,0.9974989557302599
3,1,6.0,1200,2,GMM,ICL,2-12,3,1,0,0.9974989557302599
3,1,6.0,1200,2,GMM,BIC_Neff,2-12,3,1,0,0.9974989557302599
3,1,6.0,1200,2,HMM,BIC,2-12,3,1,0,0.9974989557302599
3,1,6.0,1200,2,HMM,AIC,2-12,3,1,0,0.9974989557302599
3,1,6.0,1200,2,HMM,ICL,2-12,3,1,0,0.9974989557302599
3,1,6.0,1200,2,K-Means,Gap (uniform),1-6,3,1,0,0.9974989557302599
3,1,6.0,1200,2,K-Means,Prediction Strength,1-6,3,1,0,0.9974989557302599
3,2,6.0,1200,2,K-Means,Silhouette,2-12,3,1,0,0.9900334168400151
3,2,6.0,1200,2,K-Means,Davies-Bouldin,2-12,3,1,0,0.9900334168400151
3,2,6.0,1200,2,K-Means,Calinski-Harabasz,2-12,3,1,0,0.9900334168400151
3,2,6.0,1200,2,GMM,BIC,2-12,3,1,0,0.9900334168400151
3,2,6.0,1200,2,GMM,AIC,2-12,3,1,0,0.9900334168400151
3,2,6.0,1200,2,GMM,ICL,2-12,3,1,0,0.9900334168400151
3,2,6.0,1200,2,GMM,BIC_Neff,2-12,3,1,0,0.9900334168400151
3,2,6.0,1200,2,HMM,BIC,2-12,3,1,0,0.9900334168400151
3,2,6.0,1200,2,HMM,AIC,2-12,3,1,0,0.9900334168400151
3,2,6.0,1200,2,HMM,ICL,2-12,3,1,0,0.9900334168400151
3,2,6.0,1200,2,K-Means,Gap (uniform),1-6,3,1,0,0.9900334168400151
3,2,6.0,1200,2,K-Means,Prediction Strength,1-6,3,1,0,0.9900334168400151
3,3,6.0,1200,2,K-Means,Silhouette,2-12,3,1,0,0.9925156484994386
3,3,6.0,1200,2,K-Means,Davies-Bouldin,2-12,3,1,0,0.9925156484994386
3,3,6.0,1200,2,K-Means,Calinski-Harabasz,2-12,3,1,0,0.9925156484994386
3,3,6.0,1200,2,GMM,BIC,2-12,3,1,0,0.9900334168400151
3,3,6.0,1200,2,GMM,AIC,2-12,3,1,0,0.9900334168400151
3,3,6.0,1200,2,GMM,ICL,2-12,3,1,0,0.9900334168400151
3,3,6.0,1200,2,GMM,BIC_Neff,2-12,3,1,0,0.9900334168400151
3,3,6.0,1200,2,HMM,BIC,2-12,4,0,1,0.9862768499276544
3,3,6.0,1200,2,HMM,AIC,2-12,5,0,2,0.9702419281852291
3,3,6.0,1200,2,HMM,ICL,2-12,4,0,1,0.9862768499276544
3,3,6.0,1200,2,K-Means,Gap (uniform),1-6,3,1,0,0.9925156484994386
3,3,6.0,1200,2,K-Means,Prediction Strength,1-6,3,1,0,0.9925156484994386
3,4,6.0,1200,2,K-Means,Silhouette,2-12,3,1,0,0.9925094037468339
3,4,6.0,1200,2,K-Means,Davies-Bouldin,2-12,3,1,0,0.9925094037468339
3,4,6.0,1200,2,K-Means,Calinski-Harabasz,2-12,3,1,0,0.9925094037468339
3,4,6.0,1200,2,GMM,BIC,2-12,3,1,0,0.9875323412686172
3,4,6.0,1200,2,GMM,AIC,2-12,3,1,0,0.9875323412686172
3,4,6.0,1200,2,GMM,ICL,2-12,3,1,0,0.9875323412686172
3,4,6.0,1200,2,GMM,BIC_Neff,2-12,3,1,0,0.9875323412686172
3,4,6.0,1200,2,HMM,BIC,2-12,4,0,1,0.9553653759716884
3,4,6.0,1200,2,HMM,AIC,2-12,4,0,1,0.9553653759716884
3,4,6.0,1200,2,HMM,ICL,2-12,4,0,1,0.9553653759716884
3,4,6.0,1200,2,K-Means,Gap (uniform),1-6,3,1,0,0.9925094037468339
3,4,6.0,1200,2,K-Means,Prediction Strength,1-6,3,1,0,0.9925094037468339
3,5,6.0,1200,2,K-Means,Silhouette,2-12,3,1,0,0.9950010416786296
3,5,6.0,1200,2,K-Means,Davies-Bouldin,2-12,3,1,0,0.9950010416786296
3,5,6.0,1200,2,K-Means,Calinski-Harabasz,2-12,3,1,0,0.9950010416786296
3,5,6.0,1200,2,GMM,BIC,2-12,3,1,0,0.9950010416786296
3,5,6.0,1200,2,GMM,AIC,2-12,3,1,0,0.9950010416786296
3,5,6.0,1200,2,GMM,ICL,2-12,3,1,0,0.9950010416786296
3,5,6.0,1200,2,GMM,BIC_Neff,2-12,3,1,0,0.9950010416786296
3,5,6.0,1200,2,HMM,BIC,2-12,3,1,0,0.9950010416786296
3,5,6.0,1200,2,HMM,AIC,2-12,3,1,0,0.9950010416786296
3,5,6.0,1200,2,HMM,ICL,2-12,3,1,0,0.9950010416786296
3,5,6.0,1200,2,K-Means,Gap (uniform),1-6,3,1,0,0.9950010416786296
3,5,6.0,1200,2,K-Means,Prediction Strength,1-6,3,1,0,0.9950010416786296
3,6,6.0,1200,2,K-Means,Silhouette,2-12,3,1,0,1.0
3,6,6.0,1200,2,K-Means,Davies-Bouldin,2-12,3,1,0,1.0
3,6,6.0,1200,2,K-Means,Calinski-Harabasz,2-12,3,1,0,1.0
3,6,6.0,1200,2,GMM,BIC,2-12,3,1,0,1.0
3,6,6.0,1200,2,GMM,AIC,2-12,3,1,0,1.0
3,6,6.0,1200,2,GMM,ICL,2-12,3,1,0,1.0
3,6,6.0,1200,2,GMM,BIC_Neff,2-12,3,1,0,1.0
3,6,6.0,1200,2,HMM,BIC,2-12,4,0,1,0.9030484353521468
3,6,6.0,1200,2,HMM,AIC,2-12,4,0,1,0.9030484353521468
3,6,6.0,1200,2,HMM,ICL,2-12,4,0,1,0.9030484353521468
3,6,6.0,1200,2,K-Means,Gap (uniform),1-6,3,1,0,1.0
3,6,6.0,1200,2,K-Means,Prediction Strength,1-6,3,1,0,1.0
3,7,6.0,1200,2,K-Means,Silhouette,2-12,3,1,0,0.9875323412686172
3,7,6.0,1200,2,K-Means,Davies-Bouldin,2-12,3,1,0,0.9875323412686172
3,7,6.0,1200,2,K-Means,Calinski-Harabasz,2-12,3,1,0,0.9875323412686172
3,7,6.0,1200,2,GMM,BIC,2-12,3,1,0,0.9875261069499095
3,7,6.0,1200,2,GMM,AIC,2-12,3,1,0,0.9875261069499095
3,7,6.0,1200,2,GMM,ICL,2-12,3,1,0,0.9875261069499095
3,7,6.0,1200,2,GMM,BIC_Neff,2-12,3,1,0,0.9875261069499095
3,7,6.0,1200,2,HMM,BIC,2-12,4,0,1,0.9763889493674222
3,7,6.0,1200,2,HMM,AIC,2-12,4,0,1,0.9763889493674222
3,7,6.0,1200,2,HMM,ICL,2-12,4,0,1,0.9763889493674222
3,7,6.0,1200,2,K-Means,Gap (uniform),1-6,3,1,0,0.9875323412686172
3,7,6.0,1200,2,K-Means,Prediction Strength,1-6,4,0,1,0.8566038788628476
3,8,6.0,1200,2,K-Means,Silhouette,2-12,3,1,0,0.9924969143200749
3,8,6.0,1200,2,K-Means,Davies-Bouldin,2-12,3,1,0,0.9924969143200749
3,8,6.0,1200,2,K-Means,Calinski-Harabasz,2-12,3,1,0,0.9924969143200749
3,8,6.0,1200,2,GMM,BIC,2-12,3,1,0,0.9924969143200749
3,8,6.0,1200,2,GMM,AIC,2-12,4,0,1,0.8659229290640642
3,8,6.0,1200,2,GMM,ICL,2-12,3,1,0,0.9924969143200749
3,8,6.0,1200,2,GMM,BIC_Neff,2-12,3,1,0,0.9924969143200749
3,8,6.0,1200,2,HMM,BIC,2-12,4,0,1,0.9713895070462677
3,8,6.0,1200,2,HMM,AIC,2-12,4,0,1,0.9713895070462677
3,8,6.0,1200,2,HMM,ICL,2-12,4,0,1,0.9713895070462677
3,8,6.0,1200,2,K-Means,Gap (uniform),1-6,3,1,0,0.9924969143200749
3,8,6.0,1200,2,K-Means,Prediction Strength,1-6,3,1,0,0.9924969143200749
3,9,6.0,1200,2,K-Means,Silhouette,2-12,3,1,0,0.992509388063219
3,9,6.0,1200,2,K-Means,Davies-Bouldin,2-12,3,1,0,0.992509388063219
3,9,6.0,1200,2,K-Means,Calinski-Harabasz,2-12,3,1,0,0.992509388063219
3,9,6.0,1200,2,GMM,BIC,2-12,3,1,0,0.992509388063219
3,9,6.0,1200,2,GMM,AIC,2-12,3,1,0,0.992509388063219
3,9,6.0,1200,2,GMM,ICL,2-12,3,1,0,0.992509388063219
3,9,6.0,1200,2,GMM,BIC_Neff,2-12,3,1,0,0.992509388063219
3,9,6.0,1200,2,HMM,BIC,2-12,4,0,1,0.9792085999711508
3,9,6.0,1200,2,HMM,AIC,2-12,4,0,1,0.9792085999711508
3,9,6.0,1200,2,HMM,ICL,2-12,4,0,1,0.9792085999711508
3,9,6.0,1200,2,K-Means,Gap (uniform),1-6,3,1,0,0.992509388063219
3,9,6.0,1200,2,K-Means,Prediction Strength,1-6,3,1,0,0.992509388063219
3,10,6.0,1200,2,K-Means,Silhouette,2-12,3,1,0,0.990008375173784
3,10,6.0,1200,2,K-Means,Davies-Bouldin,2-12,3,1,0,0.990008375173784
3,10,6.0,1200,2,K-Means,Calinski-Harabasz,2-12,3,1,0,0.990008375173784
3,10,6.0,1200,2,GMM,BIC,2-12,3,1,0,0.990008375173784
3,10,6.0,1200,2,GMM,AIC,2-12,3,1,0,0.990008375173784
3,10,6.0,1200,2,GMM,ICL,2-12,3,1,0,0.990008375173784
3,10,6.0,1200,2,GMM,BIC_Neff,2-12,3,1,0,0.990008375173784
3,10,6.0,1200,2,HMM,BIC,2-12,4,0,1,0.8889223005729933
3,10,6.0,1200,2,HMM,AIC,2-12,4,0,1,0.8889223005729933
3,10,6.0,1200,2,HMM,ICL,2-12,4,0,1,0.8889223005729933
3,10,6.0,1200,2,K-Means,Gap (uniform),1-6,3,1,0,0.990008375173784
3,10,6.0,1200,2,K-Means,Prediction Strength,1-6,3,1,0,0.990008375173784
3,11,6.0,1200,2,K-Means,Silhouette,2-12,3,1,0,0.9974989557302599
3,11,6.0,1200,2,K-Means,Davies-Bouldin,2-12,3,1,0,0.9974989557302599
3,11,6.0,1200,2,K-Means,Calinski-Harabasz,2-12,3,1,0,0.9974989557302599
3,11,6.0,1200,2,GMM,BIC,2-12,3,1,0,0.9974989557302599
3,11,6.0,1200,2,GMM,AIC,2-12,3,1,0,0.9974989557302599
3,11,6.0,1200,2,GMM,ICL,2-12,3,1,0,0.9974989557302599
3,11,6.0,1200,2,GMM,BIC_Neff,2-12,3,1,0,0.9974989557302599
3,11,6.0,1200,2,HMM,BIC,2-12,3,1,0,0.9974989557302599
3,11,6.0,1200,2,HMM,AIC,2-12,3,1,0,0.9974989557302599
3,11,6.0,1200,2,HMM,ICL,2-12,3,1,0,0.9974989557302599
3,11,6.0,1200,2,K-Means,Gap (uniform),1-6,3,1,0,0.9974989557302599
3,11,6.0,1200,2,K-Means,Prediction Strength,1-6,3,1,0,0.9974989557302599
3,12,6.0,1200,2,K-Means,Silhouette,2-12,3,1,0,1.0
3,12,6.0,1200,2,K-Means,Davies-Bouldin,2-12,3,1,0,1.0
3,12,6.0,1200,2,K-Means,Calinski-Harabasz,2-12,3,1,0,1.0
3,12,6.0,1200,2,GMM,BIC,2-12,3,1,0,0.9974989557302599
3,12,6.0,1200,2,GMM,AIC,2-12,3,1,0,0.9974989557302599
3,12,6.0,1200,2,GMM,ICL,2-12,3,1,0,0.9974989557302599
3,12,6.0,1200,2,GMM,BIC_Neff,2-12,3,1,0,0.9974989557302599
3,12,6.0,1200,2,HMM,BIC,2-12,3,1,0,0.9974989557302599
3,12,6.0,1200,2,HMM,AIC,2-12,4,0,1,0.9768447402625515
3,12,6.0,1200,2,HMM,ICL,2-12,3,1,0,0.9974989557302599
3,12,6.0,1200,2,K-Means,Gap (uniform),1-6,3,1,0,1.0
3,12,6.0,1200,2,K-Means,Prediction Strength,1-6,3,1,0,1.0
3,13,6.0,1200,2,K-Means,Silhouette,2-12,3,1,0,0.9974989557302599
3,13,6.0,1200,2,K-Means,Davies-Bouldin,2-12,3,1,0,0.9974989557302599
3,13,6.0,1200,2,K-Means,Calinski-Harabasz,2-12,3,1,0,0.9974989557302599
3,13,6.0,1200,2,GMM,BIC,2-12,3,1,0,0.9950010521452962
3,13,6.0,1200,2,GMM,AIC,2-12,3,1,0,0.9950010521452962
3,13,6.0,1200,2,GMM,ICL,2-12,3,1,0,0.9950010521452962
3,13,6.0,1200,2,GMM,BIC_Neff,2-12,3,1,0,0.9950010521452962
3,13,6.0,1200,2,HMM,BIC,2-12,5,0,2,0.8415897555175119
3,13,6.0,1200,2,HMM,AIC,2-12,5,0,2,0.8415897555175119
3,13,6.0,1200,2,HMM,ICL,2-12,6,0,3,0.9559285956216541
3,13,6.0,1200,2,K-Means,Gap (uniform),1-6,3,1,0,0.9974989557302599
3,13,6.0,1200,2,K-Means,Prediction Strength,1-6,3,1,0,0.9974989557302599
3,14,6.0,1200,2,K-Means,Silhouette,2-12,3,1,0,0.9950041666666667
3,14,6.0,1200,2,K-Means,Davies-Bouldin,2-12,3,1,0,0.9950041666666667
3,14,6.0,1200,2,K-Means,Calinski-Harabasz,2-12,3,1,0,0.9950041666666667
3,14,6.0,1200,2,GMM,BIC,2-12,3,1,0,0.9974989557302599
3,14,6.0,1200,2,GMM,AIC,2-12,3,1,0,0.9974989557302599
3,14,6.0,1200,2,GMM,ICL,2-12,3,1,0,0.9974989557302599
3,14,6.0,1200,2,GMM,BIC_Neff,2-12,3,1,0,0.9974989557302599
3,14,6.0,1200,2,HMM,BIC,2-12,4,0,1,0.868505179906096
3,14,6.0,1200,2,HMM,AIC,2-12,4,0,1,0.868505179906096
3,14,6.0,1200,2,HMM,ICL,2-12,4,0,1,0.868505179906096
3,14,6.0,1200,2,K-Means,Gap (uniform),1-6,3,1,0,0.9950041666666667
3,14,6.0,1200,2,K-Means,Prediction Strength,1-6,3,1,0,0.9950041666666667
3,15,6.0,1200,2,K-Means,Silhouette,2-12,3,1,0,0.9950010521452962
3,15,6.0,1200,2,K-Means,Davies-Bouldin,2-12,3,1,0,0.9950010521452962
3,15,6.0,1200,2,K-Means,Calinski-Harabasz,2-12,3,1,0,0.9950010521452962
3,15,6.0,1200,2,GMM,BIC,2-12,3,1,0,0.9950010521452962
3,15,6.0,1200,2,GMM,AIC,2-12,3,1,0,0.9950010521452962
3,15,6.0,1200,2,GMM,ICL,2-12,3,1,0,0.9950010521452962
3,15,6.0,1200,2,GMM,BIC_Neff,2-12,3,1,0,0.9950010521452962
3,15,6.0,1200,2,HMM,BIC,2-12,4,0,1,0.8843002078266755
3,15,6.0,1200,2,HMM,AIC,2-12,5,0,2,0.8690853074789049
3,15,6.0,1200,2,HMM,ICL,2-12,4,0,1,0.8843002078266755
3,15,6.0,1200,2,K-Means,Gap (uniform),1-6,3,1,0,0.9950010521452962
3,15,6.0,1200,2,K-Means,Prediction Strength,1-6,3,1,0,0.9950010521452962
3,16,6.0,1200,2,K-Means,Silhouette,2-12,3,1,0,0.9950041666666667
3,16,6.0,1200,2,K-Means,Davies-Bouldin,2-12,3,1,0,0.9950041666666667
3,16,6.0,1200,2,K-Means,Calinski-Harabasz,2-12,3,1,0,0.9950041666666667
3,16,6.0,1200,2,GMM,BIC,2-12,3,1,0,0.9950041666666667
3,16,6.0,1200,2,GMM,AIC,2-12,3,1,0,0.9950041666666667
3,16,6.0,1200,2,GMM,ICL,2-12,3,1,0,0.9950041666666667
3,16,6.0,1200,2,GMM,BIC_Neff,2-12,3,1,0,0.9950041666666667
3,16,6.0,1200,2,HMM,BIC,2-12,3,1,0,0.9950041666666667
3,16,6.0,1200,2,HMM,AIC,2-12,3,1,0,0.9950041666666667
3,16,6.0,1200,2,HMM,ICL,2-12,3,1,0,0.9950041666666667
3,16,6.0,1200,2,K-Means,Gap (uniform),1-6,3,1,0,0.9950041666666667
3,16,6.0,1200,2,K-Means,Prediction Strength,1-6,3,1,0,0.9950041666666667
3,17,6.0,1200,2,K-Means,Silhouette,2-12,3,1,0,1.0
3,17,6.0,1200,2,K-Means,Davies-Bouldin,2-12,3,1,0,1.0
3,17,6.0,1200,2,K-Means,Calinski-Harabasz,2-12,3,1,0,1.0
3,17,6.0,1200,2,GMM,BIC,2-12,3,1,0,1.0
3,17,6.0,1200,2,GMM,AIC,2-12,3,1,0,1.0
3,17,6.0,1200,2,GMM,ICL,2-12,3,1,0,1.0
3,17,6.0,1200,2,GMM,BIC_Neff,2-12,3,1,0,1.0
3,17,6.0,1200,2,HMM,BIC,2-12,5,0,2,0.84139711271302
3,17,6.0,1200,2,HMM,AIC,2-12,5,0,2,0.84139711271302
3,17,6.0,1200,2,HMM,ICL,2-12,7,0,4,0.8528080948374863
3,17,6.0,1200,2,K-Means,Gap (uniform),1-6,3,1,0,1.0
3,17,6.0,1200,2,K-Means,Prediction Strength,1-6,3,1,0,1.0
3,18,6.0,1200,2,K-Means,Silhouette,2-12,3,1,0,0.9974989557302599
3,18,6.0,1200,2,K-Means,Davies-Bouldin,2-12,3,1,0,0.9974989557302599
3,18,6.0,1200,2,K-Means,Calinski-Harabasz,2-12,3,1,0,0.9974989557302599
3,18,6.0,1200,2,GMM,BIC,2-12,3,1,0,1.0
3,18,6.0,1200,2,GMM,AIC,2-12,4,0,1,0.8785117878865055
3,18,6.0,1200,2,GMM,ICL,2-12,3,1,0,1.0
3,18,6.0,1200,2,GMM,BIC_Neff,2-12,3,1,0,1.0
3,18,6.0,1200,2,HMM,BIC,2-12,3,1,0,1.0
3,18,6.0,1200,2,HMM,AIC,2-12,3,1,0,1.0
3,18,6.0,1200,2,HMM,ICL,2-12,3,1,0,1.0
3,18,6.0,1200,2,K-Means,Gap (uniform),1-6,3,1,0,0.9974989557302599
3,18,6.0,1200,2,K-Means,Prediction Strength,1-6,3,1,0,0.9974989557302599
3,19,6.0,1200,2,K-Means,Silhouette,2-12,3,1,0,0.9950010416786296
3,19,6.0,1200,2,K-Means,Davies-Bouldin,2-12,3,1,0,0.9950010416786296
3,19,6.0,1200,2,K-Means,Calinski-Harabasz,2-12,3,1,0,0.9950010416786296
3,19,6.0,1200,2,GMM,BIC,2-12,3,1,0,0.9925031276269993
3,19,6.0,1200,2,GMM,AIC,2-12,4,0,1,0.8625537494805138
3,19,6.0,1200,2,GMM,ICL,2-12,3,1,0,0.9925031276269993
3,19,6.0,1200,2,GMM,BIC_Neff,2-12,3,1,0,0.9925031276269993
3,19,6.0,1200,2,HMM,BIC,2-12,4,0,1,0.8969135205121355
3,19,6.0,1200,2,HMM,AIC,2-12,4,0,1,0.8969135205121355
3,19,6.0,1200,2,HMM,ICL,2-12,4,0,1,0.8969135205121355
3,19,6.0,1200,2,K-Means,Gap (uniform),1-6,3,1,0,0.9950010416786296
3,19,6.0,1200,2,K-Means,Prediction Strength,1-6,3,1,0,0.9950010416786296
3,20,6.0,1200,2,K-Means,Silhouette,2-12,3,1,0,0.995004187586892
3,20,6.0,1200,2,K-Means,Davies-Bouldin,2-12,3,1,0,0.995004187586892
3,20,6.0,1200,2,K-Means,Calinski-Harabasz,2-12,3,1,0,0.995004187586892
3,20,6.0,1200,2,GMM,BIC,2-12,3,1,0,0.995004187586892
3,20,6.0,1200,2,GMM,AIC,2-12,3,1,0,0.995004187586892
3,20,6.0,1200,2,GMM,ICL,2-12,3,1,0,0.995004187586892
3,20,6.0,1200,2,GMM,BIC_Neff,2-12,3,1,0,0.995004187586892
3,20,6.0,1200,2,HMM,BIC,2-12,5,0,2,0.791266243116099
3,20,6.0,1200,2,HMM,AIC,2-12,5,0,2,0.791266243116099
3,20,6.0,1200,2,HMM,ICL,2-12,5,0,2,0.791266243116099
3,20,6.0,1200,2,K-Means,Gap (uniform),1-6,3,1,0,0.995004187586892
3,20,6.0,1200,2,K-Means,Prediction Strength,1-6,3,1,0,0.995004187586892
3,21,6.0,1200,2,K-Means,Silhouette,2-12,3,1,0,0.9875386799783973
3,21,6.0,1200,2,K-Means,Davies-Bouldin,2-12,3,1,0,0.9875386799783973
3,21,6.0,1200,2,K-Means,Calinski-Harabasz,2-12,3,1,0,0.9875386799783973
3,21,6.0,1200,2,GMM,BIC,2-12,3,1,0,0.9925157111810734
3,21,6.0,1200,2,GMM,AIC,2-12,3,1,0,0.9925157111810734
3,21,6.0,1200,2,GMM,ICL,2-12,3,1,0,0.9925157111810734
3,21,6.0,1200,2,GMM,BIC_Neff,2-12,3,1,0,0.9925157111810734
3,21,6.0,1200,2,HMM,BIC,2-12,4,0,1,0.8758128666154866
3,21,6.0,1200,2,HMM,AIC,2-12,5,0,2,0.8812054372329502
3,21,6.0,1200,2,HMM,ICL,2-12,4,0,1,0.8758128666154866
3,21,6.0,1200,2,K-Means,Gap (uniform),1-6,3,1,0,0.9875386799783973
3,21,6.0,1200,2,K-Means,Prediction Strength,1-6,3,1,0,0.9875386799783973
3,22,6.0,1200,2,K-Means,Silhouette,2-12,3,1,0,0.9850501252600227
3,22,6.0,1200,2,K-Means,Davies-Bouldin,2-12,3,1,0,0.9850501252600227
3,22,6.0,1200,2,K-Means,Calinski-Harabasz,2-12,3,1,0,0.9850501252600227
3,22,6.0,1200,2,GMM,BIC,2-12,3,1,0,0.9850501252600227
3,22,6.0,1200,2,GMM,AIC,2-12,3,1,0,0.9850501252600227
3,22,6.0,1200,2,GMM,ICL,2-12,3,1,0,0.9850501252600227
3,22,6.0,1200,2,GMM,BIC_Neff,2-12,3,1,0,0.9850501252600227
3,22,6.0,1200,2,HMM,BIC,2-12,3,1,0,0.9850501252600227
3,22,6.0,1200,2,HMM,AIC,2-12,3,1,0,0.9850501252600227
3,22,6.0,1200,2,HMM,ICL,2-12,3,1,0,0.9850501252600227
3,22,6.0,1200,2,K-Means,Gap (uniform),1-6,3,1,0,0.9850501252600227
3,22,6.0,1200,2,K-Means,Prediction Strength,1-6,3,1,0,0.9850501252600227
3,23,6.0,1200,2,K-Means,Silhouette,2-12,3,1,0,0.9974989557302599
3,23,6.0,1200,2,K-Means,Davies-Bouldin,2-12,3,1,0,0.9974989557302599
3,23,6.0,1200,2,K-Means,Calinski-Harabasz,2-12,3,1,0,0.9974989557302599
3,23,6.0,1200,2,GMM,BIC,2-12,3,1,0,0.9974989557302599
3,23,6.0,1200,2,GMM,AIC,2-12,3,1,0,0.9974989557302599
3,23,6.0,1200,2,GMM,ICL,2-12,3,1,0,0.9974989557302599
3,23,6.0,1200,2,GMM,BIC_Neff,2-12,3,1,0,0.9974989557302599
3,23,6.0,1200,2,HMM,BIC,2-12,4,0,1,0.9467063060737089
3,23,6.0,1200,2,HMM,AIC,2-12,4,0,1,0.9467063060737089
3,23,6.0,1200,2,HMM,ICL,2-12,3,1,0,0.9651002721236923
3,23,6.0,1200,2,K-Means,Gap (uniform),1-6,3,1,0,0.9974989557302599
3,23,6.0,1200,2,K-Means,Prediction Strength,1-6,3,1,0,0.9974989557302599
3,24,6.0,1200,2,K-Means,Silhouette,2-12,3,1,0,1.0
3,24,6.0,1200,2,K-Means,Davies-Bouldin,2-12,3,1,0,1.0
3,24,6.0,1200,2,K-Means,Calinski-Harabasz,2-12,3,1,0,1.0
3,24,6.0,1200,2,GMM,BIC,2-12,3,1,0,0.9974989557302599
3,24,6.0,1200,2,GMM,AIC,2-12,3,1,0,0.9974989557302599
3,24,6.0,1200,2,GMM,ICL,2-12,3,1,0,0.9974989557302599
3,24,6.0,1200,2,GMM,BIC_Neff,2-12,3,1,0,0.9974989557302599
3,24,6.0,1200,2,HMM,BIC,2-12,3,1,0,0.9974989557302599
3,24,6.0,1200,2,HMM,AIC,2-12,3,1,0,0.9974989557302599
3,24,6.0,1200,2,HMM,ICL,2-12,3,1,0,0.9974989557302599
3,24,6.0,1200,2,K-Means,Gap (uniform),1-6,3,1,0,1.0
3,24,6.0,1200,2,K-Means,Prediction Strength,1-6,3,1,0,1.0
3,25,6.0,1200,2,K-Means,Silhouette,2-12,3,1,0,0.9974989557302599
3,25,6.0,1200,2,K-Means,Davies-Bouldin,2-12,3,1,0,0.9974989557302599
3,25,6.0,1200,2,K-Means,Calinski-Harabasz,2-12,3,1,0,0.9974989557302599
3,25,6.0,1200,2,GMM,BIC,2-12,3,1,0,0.9974989557302599
3,25,6.0,1200,2,GMM,AIC,2-12,3,1,0,0.9974989557302599
3,25,6.0,1200,2,GMM,ICL,2-12,3,1,0,0.9974989557302599
3,25,6.0,1200,2,GMM,BIC_Neff,2-12,3,1,0,0.9974989557302599
3,25,6.0,1200,2,HMM,BIC,2-12,3,1,0,0.9974989557302599
3,25,6.0,1200,2,HMM,AIC,2-12,3,1,0,0.9974989557302599
3,25,6.0,1200,2,HMM,ICL,2-12,3,1,0,0.9974989557302599
3,25,6.0,1200,2,K-Means,Gap (uniform),1-6,3,1,0,0.9974989557302599
3,25,6.0,1200,2,K-Means,Prediction Strength,1-6,3,1,0,0.9974989557302599
3,26,6.0,1200,2,K-Means,Silhouette,2-12,3,1,0,0.9950010416786296
3,26,6.0,1200,2,K-Means,Davies-Bouldin,2-12,3,1,0,0.9950010416786296
3,26,6.0,1200,2,K-Means,Calinski-Harabasz,2-12,3,1,0,0.9950010416786296
3,26,6.0,1200,2,GMM,BIC,2-12,3,1,0,0.9950010416786296
3,26,6.0,1200,2,GMM,AIC,2-12,3,1,0,0.9950010416786296
3,26,6.0,1200,2,GMM,ICL,2-12,3,1,0,0.9950010416786296
3,26,6.0,1200,2,GMM,BIC_Neff,2-12,3,1,0,0.9950010416786296
3,26,6.0,1200,2,HMM,BIC,2-12,4,0,1,0.98639445092093
3,26,6.0,1200,2,HMM,AIC,2-12,5,0,2,0.8455912745617933
3,26,6.0,1200,2,HMM,ICL,2-12,4,0,1,0.98639445092093
3,26,6.0,1200,2,K-Means,Gap (uniform),1-6,3,1,0,0.9950010416786296
3,26,6.0,1200,2,K-Means,Prediction Strength,1-6,3,1,0,0.9950010416786296
3,27,6.0,1200,2,K-Means,Silhouette,2-12,3,1,0,0.9974989557302599
3,27,6.0,1200,2,K-Means,Davies-Bouldin,2-12,3,1,0,0.9974989557302599
3,27,6.0,1200,2,K-Means,Calinski-Harabasz,2-12,3,1,0,0.9974989557302599
3,27,6.0,1200,2,GMM,BIC,2-12,3,1,0,0.9974989557302599
3,27,6.0,1200,2,GMM,AIC,2-12,3,1,0,0.9974989557302599
3,27,6.0,1200,2,GMM,ICL,2-12,3,1,0,0.9974989557302599
3,27,6.0,1200,2,GMM,BIC_Neff,2-12,3,1,0,0.9974989557302599
3,27,6.0,1200,2,HMM,BIC,2-12,4,0,1,0.9690352433429725
3,27,6.0,1200,2,HMM,AIC,2-12,4,0,1,0.9690352433429725
3,27,6.0,1200,2,HMM,ICL,2-12,4,0,1,0.9690352433429725
3,27,6.0,1200,2,K-Means,Gap (uniform),1-6,3,1,0,0.9974989557302599
3,27,6.0,1200,2,K-Means,Prediction Strength,1-6,3,1,0,0.9974989557302599
3,28,6.0,1200,2,K-Means,Silhouette,2-12,3,1,0,0.9974989557302599
3,28,6.0,1200,2,K-Means,Davies-Bouldin,2-12,3,1,0,0.9974989557302599
3,28,6.0,1200,2,K-Means,Calinski-Harabasz,2-12,3,1,0,0.9974989557302599
3,28,6.0,1200,2,GMM,BIC,2-12,3,1,0,0.9974989557302599
3,28,6.0,1200,2,GMM,AIC,2-12,3,1,0,0.9974989557302599
3,28,6.0,1200,2,GMM,ICL,2-12,3,1,0,0.9974989557302599
3,28,6.0,1200,2,GMM,BIC_Neff,2-12,3,1,0,0.9974989557302599
3,28,6.0,1200,2,HMM,BIC,2-12,3,1,0,0.9974989557302599
3,28,6.0,1200,2,HMM,AIC,2-12,3,1,0,0.9974989557302599
3,28,6.0,1200,2,HMM,ICL,2-12,3,1,0,0.9974989557302599
3,28,6.0,1200,2,K-Means,Gap (uniform),1-6,3,1,0,0.9974989557302599
3,28,6.0,1200,2,K-Means,Prediction Strength,1-6,3,1,0,0.9974989557302599
3,29,6.0,1200,2,K-Means,Silhouette,2-12,3,1,0,1.0
3,29,6.0,1200,2,K-Means,Davies-Bouldin,2-12,3,1,0,1.0
3,29,6.0,1200,2,K-Means,Calinski-Harabasz,2-12,3,1,0,1.0
3,29,6.0,1200,2,GMM,BIC,2-12,3,1,0,1.0
3,29,6.0,1200,2,GMM,AIC,2-12,3,1,0,1.0
3,29,6.0,1200,2,GMM,ICL,2-12,3,1,0,1.0
3,29,6.0,1200,2,GMM,BIC_Neff,2-12,3,1,0,1.0
3,29,6.0,1200,2,HMM,BIC,2-12,3,1,0,1.0
3,29,6.0,1200,2,HMM,AIC,2-12,3,1,0,1.0
3,29,6.0,1200,2,HMM,ICL,2-12,3,1,0,1.0
3,29,6.0,1200,2,K-Means,Gap (uniform),1-6,3,1,0,1.0
3,29,6.0,1200,2,K-Means,Prediction Strength,1-6,3,1,0,1.0
4,0,6.0,1600,2,K-Means,Silhouette,2-12,4,1,0,0.99666875
4,0,6.0,1600,2,K-Means,Davies-Bouldin,2-12,4,1,0,0.99666875
4,0,6.0,1600,2,K-Means,Calinski-Harabasz,2-12,4,1,0,0.99666875
4,0,6.0,1600,2,GMM,BIC,2-12,4,1,0,0.991674023187855
4,0,6.0,1600,2,GMM,AIC,2-12,5,0,1,0.9118556517883639
4,0,6.0,1600,2,GMM,ICL,2-12,4,1,0,0.991674023187855
4,0,6.0,1600,2,GMM,BIC_Neff,2-12,4,1,0,0.991674023187855
4,0,6.0,1600,2,HMM,BIC,2-12,5,0,1,0.978018819508644
4,0,6.0,1600,2,HMM,AIC,2-12,5,0,1,0.978018819508644
4,0,6.0,1600,2,HMM,ICL,2-12,5,0,1,0.978018819508644
4,0,6.0,1600,2,K-Means,Gap (uniform),1-6,4,1,0,0.99666875
4,0,6.0,1600,2,K-Means,Prediction Strength,1-6,4,1,0,0.99666875
4,1,6.0,1600,2,K-Means,Silhouette,2-12,4,1,0,0.9883678200538856
4,1,6.0,1600,2,K-Means,Davies-Bouldin,2-12,4,1,0,0.9883678200538856
4,1,6.0,1600,2,K-Means,Calinski-Harabasz,2-12,4,1,0,0.9883678200538856
4,1,6.0,1600,2,GMM,BIC,2-12,4,1,0,0.98836794167604
4,1,6.0,1600,2,GMM,AIC,2-12,4,1,0,0.98836794167604
4,1,6.0,1600,2,GMM,ICL,2-12,4,1,0,0.98836794167604
4,1,6.0,1600,2,GMM,BIC_Neff,2-12,4,1,0,0.98836794167604
4,1,6.0,1600,2,HMM,BIC,2-12,7,0,3,0.8744116752232327
4,1,6.0,1600,2,HMM,AIC,2-12,7,0,3,0.8744116752232327
4,1,6.0,1600,2,HMM,ICL,2-12,7,0,3,0.8744116752232327
4,1,6.0,1600,2,K-Means,Gap (uniform),1-6,2,0,-2,0.4970344248826291
4,1,6.0,1600,2,K-Means,Prediction Strength,1-6,4,1,0,0.9883678200538856
4,2,6.0,1600,2,K-Means,Silhouette,2-12,4,1,0,0.9966645824761629
4,2,6.0,1600,2,K-Means,Davies-Bouldin,2-12,4,1,0,0.9966645824761629
4,2,6.0,1600,2,K-Means,Calinski-Harabasz,2-12,4,1,0,0.9966645824761629
4,2,6.0,1600,2,GMM,BIC,2-12,4,1,0,0.9950010534310628
4,2,6.0,1600,2,GMM,AIC,2-12,4,1,0,0.9950010534310628
4,2,6.0,1600,2,GMM,ICL,2-12,4,1,0,0.9950010534310628
4,2,6.0,1600,2,GMM,BIC_Neff,2-12,4,1,0,0.9950010534310628
4,2,6.0,1600,2,HMM,BIC,2-12,6,0,2,0.9098848767096068
4,2,6.0,1600,2,HMM,AIC,2-12,6,0,2,0.9098848767096068
4,2,6.0,1600,2,HMM,ICL,2-12,6,0,2,0.9098848767096068
4,2,6.0,1600,2,K-Means,Gap (uniform),1-6,4,1,0,0.9966645824761629
4,2,6.0,1600,2,K-Means,Prediction Strength,1-6,4,1,0,0.9966645824761629
4,3,6.0,1600,2,K-Means,Silhouette,2-12,4,1,0,0.9900188152408573
4,3,6.0,1600,2,K-Means,Davies-Bouldin,2-12,4,1,0,0.9900188152408573
4,3,6.0,1600,2,K-Means,Calinski-Harabasz,2-12,4,1,0,0.9900188152408573
4,3,6.0,1600,2,GMM,BIC,2-12,4,1,0,0.9916699009781238
4,3,6.0,1600,2,GMM,AIC,2-12,4,1,0,0.9916699009781238
4,3,6.0,1600,2,GMM,ICL,2-12,4,1,0,0.9916699009781238
4,3,6.0,1600,2,GMM,BIC_Neff,2-12,4,1,0,0.9916699009781238
4,3,6.0,1600,2,HMM,BIC,2-12,5,0,1,0.9143569071123265
4,3,6.0,1600,2,HMM,AIC,2-12,5,0,1,0.9143569071123265
4,3,6.0,1600,2,HMM,ICL,2-12,5,0,1,0.9143569071123265
4,3,6.0,1600,2,K-Means,Gap (uniform),1-6,2,0,-2,0.4970344248826291
4,3,6.0,1600,2,K-Means,Prediction Strength,1-6,4,1,0,0.9900188152408573
4,4,6.0,1600,2,K-Means,Silhouette,2-12,4,1,0,0.9916699009781238
4,4,6.0,1600,2,K-Means,Davies-Bouldin,2-12,4,1,0,0.9916699009781238
4,4,6.0,1600,2,K-Means,Calinski-Harabasz,2-12,4,1,0,0.9916699009781238
4,4,6.0,1600,2,GMM,BIC,2-12,4,1,0,0.9900084730599547
4,4,6.0,1600,2,GMM,AIC,2-12,4,1,0,0.9900084730599547
4,4,6.0,1600,2,GMM,ICL,2-12,4,1,0,0.9900084730599547
4,4,6.0,1600,2,GMM,BIC_Neff,2-12,4,1,0,0.9900084730599547
4,4,6.0,1600,2,HMM,BIC,2-12,6,0,2,0.9841655961264821
4,4,6.0,1600,2,HMM,AIC,2-12,6,0,2,0.9841655961264821
4,4,6.0,1600,2,HMM,ICL,2-12,6,0,2,0.9841655961264821
4,4,6.0,1600,2,K-Means,Gap (uniform),1-6,4,1,0,0.9916699009781238
4,4,6.0,1600,2,K-Means,Prediction Strength,1-6,4,1,0,0.9916699009781238
4,5,6.0,1600,2,K-Means,Silhouette,2-12,4,1,0,0.9983322894943558
4,5,6.0,1600,2,K-Means,Davies-Bouldin,2-12,4,1,0,0.9983322894943558
4,5,6.0,1600,2,K-Means,Calinski-Harabasz,2-12,4,1,0,0.9983322894943558
4,5,6.0,1600,2,GMM,BIC,2-12,4,1,0,0.9983322894943558
4,5,6.0,1600,2,GMM,AIC,2-12,4,1,0,0.9983322894943558
4,5,6.0,1600,2,GMM,ICL,2-12,4,1,0,0.9983322894943558
4,5,6.0,1600,2,GMM,BIC_Neff,2-12,4,1,0,0.9983322894943558
4,5,6.0,1600,2,HMM,BIC,2-12,4,1,0,0.9983322894943558
4,5,6.0,1600,2,HMM,AIC,2-12,4,1,0,0.9983322894943558
4,5,6.0,1600,2,HMM,ICL,2-12,4,1,0,0.9983322894943558
4,5,6.0,1600,2,K-Means,Gap (uniform),1-6,4,1,0,0.9983322894943558
4,5,6.0,1600,2,K-Means,Prediction Strength,1-6,4,1,0,0.9983322894943558
4,6,6.0,1600,2,K-Means,Silhouette,2-12,4,1,0,0.9900271433486273
4,6,6.0,1600,2,K-Means,Davies-Bouldin,2-12,4,1,0,0.9900271433486273
4,6,6.0,1600,2,K-Means,Calinski-Harabasz,2-12,4,1,0,0.9900271433486273
4,6,6.0,1600,2,GMM,BIC,2-12,4,1,0,0.99333339520612
4,6,6.0,1600,2,GMM,AIC,2-12,4,1,0,0.99333339520612
4,6,6.0,1600,2,GMM,ICL,2-12,4,1,0,0.99333339520612
4,6,6.0,1600,2,GMM,BIC_Neff,2-12,4,1,0,0.99333339520612
4,6,6.0,1600,2,HMM,BIC,2-12,6,0,2,0.9060094760997749
4,6,6.0,1600,2,HMM,AIC,2-12,6,0,2,0.9060094760997749
4,6,6.0,1600,2,HMM,ICL,2-12,6,0,2,0.9060094760997749
4,6,6.0,1600,2,K-Means,Gap (uniform),1-6,4,1,0,0.9900271433486273
4,6,6.0,1600,2,K-Means,Prediction Strength,1-6,4,1,0,0.9900271433486273
4,7,6.0,1600,2,K-Means,Silhouette,2-12,4,1,0,0.9950093919662137
4,7,6.0,1600,2,K-Means,Davies-Bouldin,2-12,4,1,0,0.9950093919662137
4,7,6.0,1600,2,K-Means,Calinski-Harabasz,2-12,4,1,0,0.9950093919662137
4,7,6.0,1600,2,GMM,BIC,2-12,4,1,0,0.9950093919662137
4,7,6.0,1600,2,GMM,AIC,2-12,4,1,0,0.9950093919662137
4,7,6.0,1600,2,GMM,ICL,2-12,4,1,0,0.9950093919662137
4,7,6.0,1600,2,GMM,BIC_Neff,2-12,4,1,0,0.9950093919662137
4,7,6.0,1600,2,HMM,BIC,2-12,5,0,1,0.9759471265523554
4,7,6.0,1600,2,HMM,AIC,2-12,5,0,1,0.9759471265523554
4,7,6.0,1600,2,HMM,ICL,2-12,5,0,1,0.9759471265523554
4,7,6.0,1600,2,K-Means,Gap (uniform),1-6,2,0,-2,0.49953051643192486
4,7,6.0,1600,2,K-Means,Prediction Strength,1-6,4,1,0,0.9950093919662137
4,8,6.0,1600,2,K-Means,Silhouette,2-12,4,1,0,0.9950093919662137
4,8,6.0,1600,2,K-Means,Davies-Bouldin,2-12,4,1,0,0.9950093919662137
4,8,6.0,1600,2,K-Means,Calinski-Harabasz,2-12,4,1,0,0.9950093919662137
4,8,6.0,1600,2,GMM,BIC,2-12,4,1,0,0.9950093919662137
4,8,6.0,1600,2,GMM,AIC,2-12,4,1,0,0.9950093919662137
4,8,6.0,1600,2,GMM,ICL,2-12,4,1,0,0.9950093919662137
4,8,6.0,1600,2,GMM,BIC_Neff,2-12,4,1,0,0.9950093919662137
4,8,6.0,1600,2,HMM,BIC,2-12,6,0,2,0.863275979386979
4,8,6.0,1600,2,HMM,AIC,2-12,6,0,2,0.863275979386979
4,8,6.0,1600,2,HMM,ICL,2-12,6,0,2,0.863275979386979
4,8,6.0,1600,2,K-Means,Gap (uniform),1-6,2,0,-2,0.49953051643192486
4,8,6.0,1600,2,K-Means,Prediction Strength,1-6,4,1,0,0.9950093919662137
4,9,6.0,1600,2,K-Means,Silhouette,2-12,4,1,0,0.9900084730599547
4,9,6.0,1600,2,K-Means,Davies-Bouldin,2-12,4,1,0,0.9900084730599547
4,9,6.0,1600,2,K-Means,Calinski-Harabasz,2-12,4,1,0,0.9900084730599547
4,9,6.0,1600,2,GMM,BIC,2-12,4,1,0,0.9916782498621347
4,9,6.0,1600,2,GMM,AIC,2-12,4,1,0,0.9916782498621347
4,9,6.0,1600,2,GMM,ICL,2-12,4,1,0,0.9916782498621347
4,9,6.0,1600,2,GMM,BIC_Neff,2-12,4,1,0,0.9916782498621347
4,9,6.0,1600,2,HMM,BIC,2-12,5,0,1,0.9764691344321804
4,9,6.0,1600,2,HMM,AIC,2-12,5,0,1,0.9764691344321804
4,9,6.0,1600,2,HMM,ICL,2-12,5,0,1,0.9764691344321804
4,9,6.0,1600,2,K-Means,Gap (uniform),1-6,4,1,0,0.9900084730599547
4,9,6.0,1600,2,K-Means,Prediction Strength,1-6,5,0,1,0.905401160552184
4,10,6.0,1600,2,K-Means,Silhouette,2-12,4,1,0,0.9949968894077093
4,10,6.0,1600,2,K-Means,Davies-Bouldin,2-12,4,1,0,0.9949968894077093
4,10,6.0,1600,2,K-Means,Calinski-Harabasz,2-12,4,1,0,0.9949968894077093
4,10,6.0,1600,2,GMM,BIC,2-12,4,1,0,0.993335475465431
4,10,6.0,1600,2,GMM,AIC,2-12,4,1,0,0.993335475465431
4,10,6.0,1600,2,GMM,ICL,2-12,4,1,0,0.993335475465431
4,10,6.0,1600,2,GMM,BIC_Neff,2-12,4,1,0,0.993335475465431
4,10,6.0,1600,2,HMM,BIC,2-12,7,0,3,0.8916802505659119
4,10,6.0,1600,2,HMM,AIC,2-12,7,0,3,0.8916802505659119
4,10,6.0,1600,2,HMM,ICL,2-12,8,0,4,0.8773758012919106
4,10,6.0,1600,2,K-Means,Gap (uniform),1-6,4,1,0,0.9949968894077093
4,10,6.0,1600,2,K-Means,Prediction Strength,1-6,4,1,0,0.9949968894077093
4,11,6.0,1600,2,K-Means,Silhouette,2-12,4,1,0,0.9950010638846324
4,11,6.0,1600,2,K-Means,Davies-Bouldin,2-12,4,1,0,0.9950010638846324
4,11,6.0,1600,2,K-Means,Calinski-Harabasz,2-12,4,1,0,0.9950010638846324
4,11,6.0,1600,2,GMM,BIC,2-12,4,1,0,0.9933375557290921
4,11,6.0,1600,2,GMM,AIC,2-12,4,1,0,0.9933375557290921
4,11,6.0,1600,2,GMM,ICL,2-12,4,1,0,0.9933375557290921
4,11,6.0,1600,2,GMM,BIC_Neff,2-12,4,1,0,0.9933375557290921
4,11,6.0,1600,2,HMM,BIC,2-12,4,1,0,0.9933375557290921
4,11,6.0,1600,2,HMM,AIC,2-12,4,1,0,0.9933375557290921
4,11,6.0,1600,2,HMM,ICL,2-12,4,1,0,0.9933375557290921
4,11,6.0,1600,2,K-Means,Gap (uniform),1-6,4,1,0,0.9950010638846324
4,11,6.0,1600,2,K-Means,Prediction Strength,1-6,4,1,0,0.9950010638846324
4,12,6.0,1600,2,K-Means,Silhouette,2-12,4,1,0,0.9900167593149939
4,12,6.0,1600,2,K-Means,Davies-Bouldin,2-12,4,1,0,0.9900167593149939
4,12,6.0,1600,2,K-Means,Calinski-Harabasz,2-12,4,1,0,0.9900167593149939
4,12,6.0,1600,2,GMM,BIC,2-12,4,1,0,0.99001264750196
4,12,6.0,1600,2,GMM,AIC,2-12,4,1,0,0.99001264750196
4,12,6.0,1600,2,GMM,ICL,2-12,4,1,0,0.99001264750196
4,12,6.0,1600,2,GMM,BIC_Neff,2-12,4,1,0,0.99001264750196
4,12,6.0,1600,2,HMM,BIC,2-12,5,0,1,0.9866917400842499
4,12,6.0,1600,2,HMM,AIC,2-12,5,0,1,0.9866917400842499
4,12,6.0,1600,2,HMM,ICL,2-12,5,0,1,0.9866917400842499
4,12,6.0,1600,2,K-Means,Gap (uniform),1-6,2,0,-2,0.49828129976200985
4,12,6.0,1600,2,K-Means,Prediction Strength,1-6,4,1,0,0.9900167593149939
4,13,6.0,1600,2,K-Means,Silhouette,2-12,4,1,0,0.9966645824761629
4,13,6.0,1600,2,K-Means,Davies-Bouldin,2-12,4,1,0,0.9966645824761629
4,13,6.0,1600,2,K-Means,Calinski-Harabasz,2-12,4,1,0,0.9966645824761629
4,13,6.0,1600,2,GMM,BIC,2-12,4,1,0,0.9966645824761629
4,13,6.0,1600,2,GMM,AIC,2-12,4,1,0,0.9966645824761629
4,13,6.0,1600,2,GMM,ICL,2-12,4,1,0,0.9966645824761629
4,13,6.0,1600,2,GMM,BIC_Neff,2-12,4,1,0,0.9966645824761629
4,13,6.0,1600,2,HMM,BIC,2-12,6,0,2,0.9147499624028562
4,13,6.0,1600,2,HMM,AIC,2-12,6,0,2,0.9147499624028562
4,13,6.0,1600,2,HMM,ICL,2-12,6,0,2,0.9147499624028562
4,13,6.0,1600,2,K-Means,Gap (uniform),1-6,4,1,0,0.9966645824761629
4,13,6.0,1600,2,K-Means,Prediction Strength,1-6,4,1,0,0.9966645824761629
4,14,6.0,1600,2,K-Means,Silhouette,2-12,4,1,0,0.9916781802538743
4,14,6.0,1600,2,K-Means,Davies-Bouldin,2-12,4,1,0,0.9916781802538743
4,14,6.0,1600,2,K-Means,Calinski-Harabasz,2-12,4,1,0,0.9916781802538743
4,14,6.0,1600,2,GMM,BIC,2-12,4,1,0,0.9916781802538743
4,14,6.0,1600,2,GMM,AIC,2-12,4,1,0,0.9916781802538743
4,14,6.0,1600,2,GMM,ICL,2-12,4,1,0,0.9916781802538743
4,14,6.0,1600,2,GMM,BIC_Neff,2-12,4,1,0,0.9916781802538743
4,14,6.0,1600,2,HMM,BIC,2-12,6,0,2,0.8199520154066574
4,14,6.0,1600,2,HMM,AIC,2-12,6,0,2,0.8199520154066574
4,14,6.0,1600,2,HMM,ICL,2-12,7,0,3,0.9667872587862311
4,14,6.0,1600,2,K-Means,Gap (uniform),1-6,2,0,-2,0.49953051643192486
4,14,6.0,1600,2,K-Means,Prediction Strength,1-6,4,1,0,0.9916781802538743
4,15,6.0,1600,2,K-Means,Silhouette,2-12,4,1,0,0.9933417162694648
4,15,6.0,1600,2,K-Means,Davies-Bouldin,2-12,4,1,0,0.9933417162694648
4,15,6.0,1600,2,K-Means,Calinski-Harabasz,2-12,4,1,0,0.9933417162694648
4,15,6.0,1600,2,GMM,BIC,2-12,4,1,0,0.9900354923286618
4,15,6.0,1600,2,GMM,AIC,2-12,4,1,0,0.9900354923286618
4,15,6.0,1600,2,GMM,ICL,2-12,4,1,0,0.9900354923286618
4,15,6.0,1600,2,GMM,BIC_Neff,2-12,4,1,0,0.9900354923286618
4,15,6.0,1600,2,HMM,BIC,2-12,5,0,1,0.9188613354501933
4,15,6.0,1600,2,HMM,AIC,2-12,5,0,1,0.9188613354501933
4,15,6.0,1600,2,HMM,ICL,2-12,5,0,1,0.9188613354501933
4,15,6.0,1600,2,K-Means,Gap (uniform),1-6,2,0,-2,0.49703600107262574
4,15,6.0,1600,2,K-Means,Prediction Strength,1-6,4,1,0,0.9933417162694648
4,16,6.0,1600,2,K-Means,Silhouette,2-12,4,1,0,0.9950010429774496
4,16,6.0,1600,2,K-Means,Davies-Bouldin,2-12,4,1,0,0.9950010429774496
4,16,6.0,1600,2,K-Means,Calinski-Harabasz,2-12,4,1,0,0.9950010429774496
4,16,6.0,1600,2,GMM,BIC,2-12,4,1,0,0.9950010429774496
4,16,6.0,1600,2,GMM,AIC,2-12,4,1,0,0.9950010429774496
4,16,6.0,1600,2,GMM,ICL,2-12,4,1,0,0.9950010429774496
4,16,6.0,1600,2,GMM,BIC_Neff,2-12,4,1,0,0.9950010429774496
4,16,6.0,1600,2,HMM,BIC,2-12,5,0,1,0.9843444345667859
4,16,6.0,1600,2,HMM,AIC,2-12,5,0,1,0.9843444345667859
4,16,6.0,1600,2,HMM,ICL,2-12,5,0,1,0.9843444345667859
4,16,6.0,1600,2,K-Means,Gap (uniform),1-6,4,1,0,0.9950010429774496
4,16,6.0,1600,2,K-Means,Prediction Strength,1-6,4,1,0,0.9950010429774496
4,17,6.0,1600,2,K-Means,Silhouette,2-12,4,1,0,0.993335475465431
4,17,6.0,1600,2,K-Means,Davies-Bouldin,2-12,4,1,0,0.993335475465431
4,17,6.0,1600,2,K-Means,Calinski-Harabasz,2-12,4,1,0,0.993335475465431
4,17,6.0,1600,2,GMM,BIC,2-12,4,1,0,0.9949968894077093
4,17,6.0,1600,2,GMM,AIC,2-12,4,1,0,0.9949968894077093
4,17,6.0,1600,2,GMM,ICL,2-12,4,1,0,0.9949968894077093
4,17,6.0,1600,2,GMM,BIC_Neff,2-12,4,1,0,0.9949968894077093
4,17,6.0,1600,2,HMM,BIC,2-12,4,1,0,0.9949968894077093
4,17,6.0,1600,2,HMM,AIC,2-12,4,1,0,0.9949968894077093
4,17,6.0,1600,2,HMM,ICL,2-12,4,1,0,0.9949968894077093
4,17,6.0,1600,2,K-Means,Gap (uniform),1-6,2,0,-2,0.49828129976200985
4,17,6.0,1600,2,K-Means,Prediction Strength,1-6,4,1,0,0.993335475465431
4,18,6.0,1600,2,K-Means,Silhouette,2-12,4,1,0,0.9950010638846324
4,18,6.0,1600,2,K-Means,Davies-Bouldin,2-12,4,1,0,0.9950010638846324
4,18,6.0,1600,2,K-Means,Calinski-Harabasz,2-12,4,1,0,0.9950010638846324
4,18,6.0,1600,2,GMM,BIC,2-12,4,1,0,0.9933354475923303
4,18,6.0,1600,2,GMM,AIC,2-12,4,1,0,0.9933354475923303
4,18,6.0,1600,2,GMM,ICL,2-12,4,1,0,0.9933354475923303
4,18,6.0,1600,2,GMM,BIC_Neff,2-12,4,1,0,0.9933354475923303
4,18,6.0,1600,2,HMM,BIC,2-12,6,0,2,0.9417303542512682
4,18,6.0,1600,2,HMM,AIC,2-12,6,0,2,0.9417303542512682
4,18,6.0,1600,2,HMM,ICL,2-12,6,0,2,0.9417303542512682
4,18,6.0,1600,2,K-Means,Gap (uniform),1-6,2,0,-2,0.49953051643192486
4,18,6.0,1600,2,K-Means,Prediction Strength,1-6,4,1,0,0.9950010638846324
4,19,6.0,1600,2,K-Means,Silhouette,2-12,4,1,0,0.9933458768272382
4,19,6.0,1600,2,K-Means,Davies-Bouldin,2-12,4,1,0,0.9933458768272382
4,19,6.0,1600,2,K-Means,Calinski-Harabasz,2-12,4,1,0,0.9933458768272382
4,19,6.0,1600,2,GMM,BIC,2-12,4,1,0,0.9933458768272382
4,19,6.0,1600,2,GMM,AIC,2-12,4,1,0,0.9933458768272382
4,19,6.0,1600,2,GMM,ICL,2-12,4,1,0,0.9933458768272382
4,19,6.0,1600,2,GMM,BIC_Neff,2-12,4,1,0,0.9933458768272382
4,19,6.0,1600,2,HMM,BIC,2-12,4,1,0,0.991674023187855
4,19,6.0,1600,2,HMM,AIC,2-12,4,1,0,0.991674023187855
4,19,6.0,1600,2,HMM,ICL,2-12,4,1,0,0.991674023187855
4,19,6.0,1600,2,K-Means,Gap (uniform),1-6,2,0,-2,0.49703600107262574
4,19,6.0,1600,2,K-Means,Prediction Strength,1-6,4,1,0,0.9933458768272382
4,20,6.0,1600,2,K-Means,Silhouette,2-12,4,1,0,0.9916781802538743
4,20,6.0,1600,2,K-Means,Davies-Bouldin,2-12,4,1,0,0.9916781802538743
4,20,6.0,1600,2,K-Means,Calinski-Harabasz,2-12,4,1,0,0.9916781802538743
4,20,6.0,1600,2,GMM,BIC,2-12,4,1,0,0.9916781802538743
4,20,6.0,1600,2,GMM,AIC,2-12,4,1,0,0.9916781802538743
4,20,6.0,1600,2,GMM,ICL,2-12,4,1,0,0.9916781802538743
4,20,6.0,1600,2,GMM,BIC_Neff,2-12,4,1,0,0.9916781802538743
4,20,6.0,1600,2,HMM,BIC,2-12,7,0,3,0.8836576531834412
4,20,6.0,1600,2,HMM,AIC,2-12,7,0,3,0.8836576531834412
4,20,6.0,1600,2,HMM,ICL,2-12,7,0,3,0.8836576531834412
4,20,6.0,1600,2,K-Means,Gap (uniform),1-6,4,1,0,0.9916781802538743
4,20,6.0,1600,2,K-Means,Prediction Strength,1-6,4,1,0,0.9916781802538743
4,21,6.0,1600,2,K-Means,Silhouette,2-12,4,1,0,0.9983322894943558
4,21,6.0,1600,2,K-Means,Davies-Bouldin,2-12,4,1,0,0.9983322894943558
4,21,6.0,1600,2,K-Means,Calinski-Harabasz,2-12,4,1,0,0.9983322894943558
4,21,6.0,1600,2,GMM,BIC,2-12,4,1,0,0.9983322894943558
4,21,6.0,1600,2,GMM,AIC,2-12,4,1,0,0.9983322894943558
4,21,6.0,1600,2,GMM,ICL,2-12,4,1,0,0.9983322894943558
4,21,6.0,1600,2,GMM,BIC_Neff,2-12,4,1,0,0.9983322894943558
4,21,6.0,1600,2,HMM,BIC,2-12,5,0,1,0.933633113887037
4,21,6.0,1600,2,HMM,AIC,2-12,5,0,1,0.933633113887037
4,21,6.0,1600,2,HMM,ICL,2-12,5,0,1,0.933633113887037
4,21,6.0,1600,2,K-Means,Gap (uniform),1-6,2,0,-2,0.49828129976200985
4,21,6.0,1600,2,K-Means,Prediction Strength,1-6,4,1,0,0.9983322894943558
4,22,6.0,1600,2,K-Means,Silhouette,2-12,4,1,0,0.9949968894077093
4,22,6.0,1600,2,K-Means,Davies-Bouldin,2-12,4,1,0,0.9949968894077093
4,22,6.0,1600,2,K-Means,Calinski-Harabasz,2-12,4,1,0,0.9949968894077093
4,22,6.0,1600,2,GMM,BIC,2-12,4,1,0,0.9949968894077093
4,22,6.0,1600,2,GMM,AIC,2-12,4,1,0,0.9949968894077093
4,22,6.0,1600,2,GMM,ICL,2-12,4,1,0,0.9949968894077093
4,22,6.0,1600,2,GMM,BIC_Neff,2-12,4,1,0,0.9949968894077093
4,22,6.0,1600,2,HMM,BIC,2-12,5,0,1,0.909648091378753
4,22,6.0,1600,2,HMM,AIC,2-12,5,0,1,0.909648091378753
4,22,6.0,1600,2,HMM,ICL,2-12,5,0,1,0.909648091378753
4,22,6.0,1600,2,K-Means,Gap (uniform),1-6,4,1,0,0.9949968894077093
4,22,6.0,1600,2,K-Means,Prediction Strength,1-6,4,1,0,0.9949968894077093
4,23,6.0,1600,2,K-Means,Silhouette,2-12,4,1,0,0.9950010638846324
4,23,6.0,1600,2,K-Means,Davies-Bouldin,2-12,4,1,0,0.9950010638846324
4,23,6.0,1600,2,K-Means,Calinski-Harabasz,2-12,4,1,0,0.9950010638846324
4,23,6.0,1600,2,GMM,BIC,2-12,4,1,0,0.9966687639323313
4,23,6.0,1600,2,GMM,AIC,2-12,4,1,0,0.9966687639323313
4,23,6.0,1600,2,GMM,ICL,2-12,4,1,0,0.9966687639323313
4,23,6.0,1600,2,GMM,BIC_Neff,2-12,4,1,0,0.9966687639323313
4,23,6.0,1600,2,HMM,BIC,2-12,7,0,3,0.8892039571563002
4,23,6.0,1600,2,HMM,AIC,2-12,7,0,3,0.8892039571563002
4,23,6.0,1600,2,HMM,ICL,2-12,7,0,3,0.8892039571563002
4,23,6.0,1600,2,K-Means,Gap (uniform),1-6,4,1,0,0.9950010638846324
4,23,6.0,1600,2,K-Means,Prediction Strength,1-6,4,1,0,0.9950010638846324
4,24,6.0,1600,2,K-Means,Silhouette,2-12,4,1,0,0.9916865118229324
4,24,6.0,1600,2,K-Means,Davies-Bouldin,2-12,4,1,0,0.9916865118229324
4,24,6.0,1600,2,K-Means,Calinski-Harabasz,2-12,4,1,0,0.9916865118229324
4,24,6.0,1600,2,GMM,BIC,2-12,4,1,0,0.9916865118229324
4,24,6.0,1600,2,GMM,AIC,2-12,4,1,0,0.9916865118229324
4,24,6.0,1600,2,GMM,ICL,2-12,4,1,0,0.9916865118229324
4,24,6.0,1600,2,GMM,BIC_Neff,2-12,4,1,0,0.9916865118229324
4,24,6.0,1600,2,HMM,BIC,2-12,5,0,1,0.9825910920614408
4,24,6.0,1600,2,HMM,AIC,2-12,5,0,1,0.9825910920614408
4,24,6.0,1600,2,HMM,ICL,2-12,5,0,1,0.9825910920614408
4,24,6.0,1600,2,K-Means,Gap (uniform),1-6,4,1,0,0.9916865118229324
4,24,6.0,1600,2,K-Means,Prediction Strength,1-6,4,1,0,0.9916865118229324
4,25,6.0,1600,2,K-Means,Silhouette,2-12,4,1,0,0.9950010429774496
4,25,6.0,1600,2,K-Means,Davies-Bouldin,2-12,4,1,0,0.9950010429774496
4,25,6.0,1600,2,K-Means,Calinski-Harabasz,2-12,4,1,0,0.9950010429774496
4,25,6.0,1600,2,GMM,BIC,2-12,4,1,0,0.9916781802538743
4,25,6.0,1600,2,GMM,AIC,2-12,4,1,0,0.9916781802538743
4,25,6.0,1600,2,GMM,ICL,2-12,4,1,0,0.9916781802538743
4,25,6.0,1600,2,GMM,BIC_Neff,2-12,4,1,0,0.9916781802538743
4,25,6.0,1600,2,HMM,BIC,2-12,6,0,2,0.8635150899333411
4,25,6.0,1600,2,HMM,AIC,2-12,6,0,2,0.8635150899333411
4,25,6.0,1600,2,HMM,ICL,2-12,6,0,2,0.8635150899333411
4,25,6.0,1600,2,K-Means,Gap (uniform),1-6,2,0,-2,0.49953051643192486
4,25,6.0,1600,2,K-Means,Prediction Strength,1-6,4,1,0,0.9950010429774496
4,26,6.0,1600,2,K-Means,Silhouette,2-12,4,1,0,0.9950052174718317
4,26,6.0,1600,2,K-Means,Davies-Bouldin,2-12,4,1,0,0.9950052174718317
4,26,6.0,1600,2,K-Means,Calinski-Harabasz,2-12,4,1,0,0.9950052174718317
4,26,6.0,1600,2,GMM,BIC,2-12,4,1,0,0.9950052174718317
4,26,6.0,1600,2,GMM,AIC,2-12,4,1,0,0.9950052174718317
4,26,6.0,1600,2,GMM,ICL,2-12,4,1,0,0.9950052174718317
4,26,6.0,1600,2,GMM,BIC_Neff,2-12,4,1,0,0.9950052174718317
4,26,6.0,1600,2,HMM,BIC,2-12,4,1,0,0.9950052174718317
4,26,6.0,1600,2,HMM,AIC,2-12,5,0,1,0.965409642210162
4,26,6.0,1600,2,HMM,ICL,2-12,4,1,0,0.9950052174718317
4,26,6.0,1600,2,K-Means,Gap (uniform),1-6,4,1,0,0.9950052174718317
4,26,6.0,1600,2,K-Means,Prediction Strength,1-6,4,1,0,0.9950052174718317
4,27,6.0,1600,2,K-Means,Silhouette,2-12,4,1,0,0.9933458768272382
4,27,6.0,1600,2,K-Means,Davies-Bouldin,2-12,4,1,0,0.9933458768272382
4,27,6.0,1600,2,K-Means,Calinski-Harabasz,2-12,4,1,0,0.9933458768272382
4,27,6.0,1600,2,GMM,BIC,2-12,4,1,0,0.9916823373372798
4,27,6.0,1600,2,GMM,AIC,2-12,4,1,0,0.9916823373372798
4,27,6.0,1600,2,GMM,ICL,2-12,4,1,0,0.9916823373372798
4,27,6.0,1600,2,GMM,BIC_Neff,2-12,4,1,0,0.9916823373372798
4,27,6.0,1600,2,HMM,BIC,2-12,5,0,1,0.9501687860606549
4,27,6.0,1600,2,HMM,AIC,2-12,5,0,1,0.9501687860606549
4,27,6.0,1600,2,HMM,ICL,2-12,5,0,1,0.9501687860606549
4,27,6.0,1600,2,K-Means,Gap (uniform),1-6,4,1,0,0.9933458768272382
4,27,6.0,1600,2,K-Means,Prediction Strength,1-6,4,1,0,0.9933458768272382
4,28,6.0,1600,2,K-Means,Silhouette,2-12,4,1,0,0.9966687639323313
4,28,6.0,1600,2,K-Means,Davies-Bouldin,2-12,4,1,0,0.9966687639323313
4,28,6.0,1600,2,K-Means,Calinski-Harabasz,2-12,4,1,0,0.9966687639323313
4,28,6.0,1600,2,GMM,BIC,2-12,4,1,0,0.9966687639323313
4,28,6.0,1600,2,GMM,AIC,2-12,4,1,0,0.9966687639323313
4,28,6.0,1600,2,GMM,ICL,2-12,4,1,0,0.9966687639323313
4,28,6.0,1600,2,GMM,BIC_Neff,2-12,4,1,0,0.9966687639323313
4,28,6.0,1600,2,HMM,BIC,2-12,6,0,2,0.9036668188465441
4,28,6.0,1600,2,HMM,AIC,2-12,6,0,2,0.9036668188465441
4,28,6.0,1600,2,HMM,ICL,2-12,6,0,2,0.9036668188465441
4,28,6.0,1600,2,K-Means,Gap (uniform),1-6,2,0,-2,0.49703600107262574
4,28,6.0,1600,2,K-Means,Prediction Strength,1-6,4,1,0,0.9966687639323313
4,29,6.0,1600,2,K-Means,Silhouette,2-12,4,1,0,0.9983322894943558
4,29,6.0,1600,2,K-Means,Davies-Bouldin,2-12,4,1,0,0.9983322894943558
4,29,6.0,1600,2,K-Means,Calinski-Harabasz,2-12,4,1,0,0.9983322894943558
4,29,6.0,1600,2,GMM,BIC,2-12,4,1,0,0.9983322894943558
4,29,6.0,1600,2,GMM,AIC,2-12,4,1,0,0.9983322894943558
4,29,6.0,1600,2,GMM,ICL,2-12,4,1,0,0.9983322894943558
4,29,6.0,1600,2,GMM,BIC_Neff,2-12,4,1,0,0.9983322894943558
4,29,6.0,1600,2,HMM,BIC,2-12,5,0,1,0.9340805389133384
4,29,6.0,1600,2,HMM,AIC,2-12,5,0,1,0.9340805389133384
4,29,6.0,1600,2,HMM,ICL,2-12,5,0,1,0.9340805389133384
4,29,6.0,1600,2,K-Means,Gap (uniform),1-6,4,1,0,0.9983322894943558
4,29,6.0,1600,2,K-Means,Prediction Strength,1-6,4,1,0,0.9983322894943558
