Generator,Intended_Vol_Ratio,Persistence,Mean_Regime_Duration,Replication,Realized_Vol_Ratio,Oracle_k_ARI,Silhouette_k_hat,Silhouette_Exact
ms_garch,1.5,0.9,10.000000000000002,0,1.0709877582280654,-0.0008094660923117247,2,1
ms_garch,1.5,0.9,10.000000000000002,1,1.0102018572216331,-0.0005263610891323766,2,1
ms_garch,1.5,0.9,10.000000000000002,2,1.0977298385968977,-0.0006998855839799233,2,1
ms_garch,1.5,0.9,10.000000000000002,3,1.1001754757354572,-0.00043276311974987914,2,1
ms_garch,1.5,0.9,10.000000000000002,4,1.0098312461475063,0.0001274908305986982,2,1
ms_garch,1.5,0.9,10.000000000000002,5,1.071609094335218,-0.0007549515302967151,2,1
ms_garch,1.5,0.9,10.000000000000002,6,1.0038599204023877,-0.00015751042980161853,2,1
ms_garch,1.5,0.9,10.000000000000002,7,1.097051695763334,-0.0002865802864974212,2,1
ms_garch,1.5,0.9,10.000000000000002,8,1.062567055706568,3.18536010519542e-06,2,1
ms_garch,1.5,0.9,10.000000000000002,9,1.0529181448624885,0.0005957066620481616,2,1
ms_garch,1.5,0.9,10.000000000000002,10,1.080056396510541,0.00021935426495368844,2,1
ms_garch,1.5,0.9,10.000000000000002,11,1.000641467351425,-2.637415561488521e-05,2,1
ms_garch,1.5,0.9,10.000000000000002,12,1.020476606553011,-0.00017182484294621446,2,1
ms_garch,1.5,0.9,10.000000000000002,13,1.1231481471684206,-0.003140346436383911,2,1
ms_garch,1.5,0.9,10.000000000000002,14,1.0906106749425173,-0.0005685444707156349,2,1
ms_garch,1.5,0.9,10.000000000000002,15,1.0449032308915198,-6.824511694571516e-05,2,1
ms_garch,1.5,0.9,10.000000000000002,16,1.0162379631757694,0.001734621220692811,2,1
ms_garch,1.5,0.9,10.000000000000002,17,1.1817910941634517,-0.00034159764459948877,2,1
ms_garch,1.5,0.9,10.000000000000002,18,1.1170890778286724,0.0025959614741125504,2,1
ms_garch,1.5,0.9,10.000000000000002,19,1.0427904589330406,0.00029088648513257926,2,1
ms_garch,1.5,0.95,19.999999999999982,0,1.1980035392746344,0.0003109708559067132,2,1
ms_garch,1.5,0.95,19.999999999999982,1,1.1793980288636436,0.0017457631654105182,2,1
ms_garch,1.5,0.95,19.999999999999982,2,1.1987809155276754,0.004726554496952181,2,1
ms_garch,1.5,0.95,19.999999999999982,3,1.0016425543578933,0.0012632191855067127,2,1
ms_garch,1.5,0.95,19.999999999999982,4,1.0837842560453748,-0.00024123392343287957,2,1
ms_garch,1.5,0.95,19.999999999999982,5,1.222268893865057,-0.0011877096278209828,2,1
ms_garch,1.5,0.95,19.999999999999982,6,1.3747474524756997,0.0025180211171636066,2,1
ms_garch,1.5,0.95,19.999999999999982,7,1.1256494985673045,-0.0032789699379974493,2,1
ms_garch,1.5,0.95,19.999999999999982,8,1.5457369285456015,-0.0008650570191494596,2,1
ms_garch,1.5,0.95,19.999999999999982,9,1.1197181962072218,0.00919017924980656,2,1
ms_garch,1.5,0.95,19.999999999999982,10,1.1516731353846354,0.007352128295643851,2,1
ms_garch,1.5,0.95,19.999999999999982,11,1.227034635262742,-0.0009625444149313952,2,1
ms_garch,1.5,0.95,19.999999999999982,12,1.2123326440024205,0.004698091675368024,3,0
ms_garch,1.5,0.95,19.999999999999982,13,1.1267965022046182,0.0023907924351311487,2,1
ms_garch,1.5,0.95,19.999999999999982,14,1.0071747818656733,0.002062005033654541,2,1
ms_garch,1.5,0.95,19.999999999999982,15,1.2619530572438507,0.00657885630486776,2,1
ms_garch,1.5,0.95,19.999999999999982,16,1.1864565946655528,0.0006197727959050902,2,1
ms_garch,1.5,0.95,19.999999999999982,17,1.0893335752725173,-0.006520324433012008,2,1
ms_garch,1.5,0.95,19.999999999999982,18,1.1879861425377467,-0.00038348807178989057,2,1
ms_garch,1.5,0.95,19.999999999999982,19,1.2500879286036883,0.012231372085934392,2,1
ms_garch,1.5,0.99,99.99999999999991,0,1.4020728876306812,0.053655733751765446,2,1
ms_garch,1.5,0.99,99.99999999999991,1,1.3142928853502116,0.005641733277677528,2,1
ms_garch,1.5,0.99,99.99999999999991,2,1.2732994013468906,0.05878210464774707,2,1
ms_garch,1.5,0.99,99.99999999999991,3,1.2739074186135428,0.04040171873564335,2,1
ms_garch,1.5,0.99,99.99999999999991,4,1.2815115183963468,0.05159680986285197,2,1
ms_garch,1.5,0.99,99.99999999999991,5,1.20213691423035,0.08223942297566887,2,1
ms_garch,1.5,0.99,99.99999999999991,6,1.4034569916906603,0.034196365140862904,2,1
ms_garch,1.5,0.99,99.99999999999991,7,1.2356866968413196,0.035071569493886866,2,1
ms_garch,1.5,0.99,99.99999999999991,8,1.2094173046490229,-0.027774171886189716,2,1
ms_garch,1.5,0.99,99.99999999999991,9,1.5301199678756396,0.00928970455284994,2,1
ms_garch,1.5,0.99,99.99999999999991,10,1.257333681207049,0.03840899365743777,2,1
ms_garch,1.5,0.99,99.99999999999991,11,1.4490739340471341,0.026198372508172082,2,1
ms_garch,1.5,0.99,99.99999999999991,12,1.2180779321776087,0.04048955978106808,2,1
ms_garch,1.5,0.99,99.99999999999991,13,1.4228283615345259,0.021028699872800104,2,1
ms_garch,1.5,0.99,99.99999999999991,14,1.4843545152030448,0.049574644965446286,2,1
ms_garch,1.5,0.99,99.99999999999991,15,1.3440778336854227,0.10529854457460534,2,1
ms_garch,1.5,0.99,99.99999999999991,16,1.1466812838388156,0.0031592253833342336,2,1
ms_garch,1.5,0.99,99.99999999999991,17,1.460973164171937,-0.004759763468638755,2,1
ms_garch,1.5,0.99,99.99999999999991,18,1.3730839766386242,0.008484757512829122,2,1
ms_garch,1.5,0.99,99.99999999999991,19,1.1171449802177063,0.020418663310867176,2,1
ms_garch,2.0,0.9,10.000000000000002,0,1.0503394872844662,-6.303995505036484e-06,2,1
ms_garch,2.0,0.9,10.000000000000002,1,1.275237887770067,0.0034054076758645493,2,1
ms_garch,2.0,0.9,10.000000000000002,2,1.0161134045744629,0.0007523376071076957,2,1
ms_garch,2.0,0.9,10.000000000000002,3,1.0097478169630891,0.0015917699950397024,2,1
ms_garch,2.0,0.9,10.000000000000002,4,1.2423421632334681,0.005356931204302419,2,1
ms_garch,2.0,0.9,10.000000000000002,5,1.1575820004723358,0.006275504869416012,2,1
ms_garch,2.0,0.9,10.000000000000002,6,1.1940341063954056,-0.00015766385342879643,2,1
ms_garch,2.0,0.9,10.000000000000002,7,1.1052105487639095,0.00032024723838491105,2,1
ms_garch,2.0,0.9,10.000000000000002,8,1.122552367575347,-0.00020601198283217036,2,1
ms_garch,2.0,0.9,10.000000000000002,9,1.1640202373893564,0.0028809463721245114,2,1
ms_garch,2.0,0.9,10.000000000000002,10,1.0965753253803296,-4.9026337704149605e-05,2,1
ms_garch,2.0,0.9,10.000000000000002,11,1.1045545482063626,-0.00015862633050598226,2,1
ms_garch,2.0,0.9,10.000000000000002,12,1.3405907558751462,0.0006204742204154526,2,1
ms_garch,2.0,0.9,10.000000000000002,13,1.1554346634181878,0.001986129693484884,2,1
ms_garch,2.0,0.9,10.000000000000002,14,1.1592731013074764,-0.0011701656760443786,2,1
ms_garch,2.0,0.9,10.000000000000002,15,1.1357640136656075,0.001586995470781679,2,1
ms_garch,2.0,0.9,10.000000000000002,16,1.0831963710618855,0.003153318552680804,2,1
ms_garch,2.0,0.9,10.000000000000002,17,1.070935177661375,6.486538209011296e-05,2,1
ms_garch,2.0,0.9,10.000000000000002,18,1.1713184447666456,0.0004703255783601086,2,1
ms_garch,2.0,0.9,10.000000000000002,19,1.0293313936078212,0.003369679906698369,2,1
ms_garch,2.0,0.95,19.999999999999982,0,1.232810351770779,0.0010769973034836819,2,1
ms_garch,2.0,0.95,19.999999999999982,1,1.1815612108059184,0.004026390698471215,2,1
ms_garch,2.0,0.95,19.999999999999982,2,1.1202271252866218,0.00640138416063546,2,1
ms_garch,2.0,0.95,19.999999999999982,3,1.2944968546688675,0.008528247810707677,2,1
ms_garch,2.0,0.95,19.999999999999982,4,1.2215108516845603,0.01119842787298943,2,1
ms_garch,2.0,0.95,19.999999999999982,5,1.00365981080659,-0.0006483358194712031,2,1
ms_garch,2.0,0.95,19.999999999999982,6,1.2132218260289431,0.0012715946243142418,2,1
ms_garch,2.0,0.95,19.999999999999982,7,1.3638213412299716,0.007899167325404332,2,1
ms_garch,2.0,0.95,19.999999999999982,8,1.2076509664534625,0.0015811961516009967,2,1
ms_garch,2.0,0.95,19.999999999999982,9,1.0797033266513385,5.606678409060673e-05,2,1
ms_garch,2.0,0.95,19.999999999999982,10,1.0745677630675488,0.00016089563749644426,2,1
ms_garch,2.0,0.95,19.999999999999982,11,1.1341255090393445,0.0100114674759597,2,1
ms_garch,2.0,0.95,19.999999999999982,12,1.133989319071665,0.00030989629164627255,2,1
ms_garch,2.0,0.95,19.999999999999982,13,1.3154035056527862,-0.007359138834792788,2,1
ms_garch,2.0,0.95,19.999999999999982,14,1.1736345196622664,0.0020302028917989464,2,1
ms_garch,2.0,0.95,19.999999999999982,15,1.2717814368282223,-0.00034028251481902234,2,1
ms_garch,2.0,0.95,19.999999999999982,16,1.2877805155648587,0.0020716261445925884,2,1
ms_garch,2.0,0.95,19.999999999999982,17,1.1498551239887524,0.00019977240365982374,2,1
ms_garch,2.0,0.95,19.999999999999982,18,1.2226137955475127,-0.005864284113350254,2,1
ms_garch,2.0,0.95,19.999999999999982,19,1.1196228022045052,0.0003208795572375705,2,1
ms_garch,2.0,0.99,99.99999999999991,0,1.4349067575391217,0.05272605394285176,3,0
ms_garch,2.0,0.99,99.99999999999991,1,1.78159008603145,0.13497374965757655,2,1
ms_garch,2.0,0.99,99.99999999999991,2,1.7576085517202826,0.005060903638301362,2,1
ms_garch,2.0,0.99,99.99999999999991,3,1.6924493267925373,-0.001745352566565286,2,1
ms_garch,2.0,0.99,99.99999999999991,4,1.7352588408636065,0.2772477231882978,2,1
ms_garch,2.0,0.99,99.99999999999991,5,1.6970743665865107,0.0716921410957483,2,1
ms_garch,2.0,0.99,99.99999999999991,6,2.018225195544376,0.00737265393551078,2,1
ms_garch,2.0,0.99,99.99999999999991,7,1.6664279374004811,0.03501633231998113,2,1
ms_garch,2.0,0.99,99.99999999999991,8,1.336950984646008,0.004190074987567717,2,1
ms_garch,2.0,0.99,99.99999999999991,9,1.691905882187206,0.1510904850823603,2,1
ms_garch,2.0,0.99,99.99999999999991,10,1.3349917165641259,0.012364793924163467,2,1
ms_garch,2.0,0.99,99.99999999999991,11,1.4736133132450093,0.10436444725458488,2,1
ms_garch,2.0,0.99,99.99999999999991,12,1.688650707301068,0.1443170483938014,2,1
ms_garch,2.0,0.99,99.99999999999991,13,1.6924529742599177,0.004701978498549983,2,1
ms_garch,2.0,0.99,99.99999999999991,14,1.5720846769958758,0.10164585388115144,2,1
ms_garch,2.0,0.99,99.99999999999991,15,1.7871976712299273,0.029613406957162296,2,1
ms_garch,2.0,0.99,99.99999999999991,16,1.4839851272036286,0.2005449380263747,2,1
ms_garch,2.0,0.99,99.99999999999991,17,1.6233263507980813,0.12210814157668687,2,1
ms_garch,2.0,0.99,99.99999999999991,18,1.5878593773636906,-0.004768628359076267,2,1
ms_garch,2.0,0.99,99.99999999999991,19,1.511916721344161,0.007559958604005469,2,1
ms_garch,2.5,0.9,10.000000000000002,0,1.1694735796443543,-0.0002987639553494144,2,1
ms_garch,2.5,0.9,10.000000000000002,1,1.2558307306894738,-0.0002460214485989726,2,1
ms_garch,2.5,0.9,10.000000000000002,2,1.1451515714490006,0.0007225929825580269,2,1
ms_garch,2.5,0.9,10.000000000000002,3,1.082403299451127,0.00013004273596388497,2,1
ms_garch,2.5,0.9,10.000000000000002,4,1.1182031753738746,-0.00031273515848357383,2,1
ms_garch,2.5,0.9,10.000000000000002,5,1.1938912741730137,0.008229791727391756,2,1
ms_garch,2.5,0.9,10.000000000000002,6,1.2494198675965875,0.00042649849234931657,2,1
ms_garch,2.5,0.9,10.000000000000002,7,1.332236923688956,-6.972816486086039e-05,2,1
ms_garch,2.5,0.9,10.000000000000002,8,1.0265993252819527,0.0021262174929098307,2,1
ms_garch,2.5,0.9,10.000000000000002,9,1.2515102249380254,-3.6413795331714426e-05,2,1
ms_garch,2.5,0.9,10.000000000000002,10,1.2491266078989787,0.0015167932058378598,2,1
ms_garch,2.5,0.9,10.000000000000002,11,1.2698748587356932,0.012176975962851099,2,1
ms_garch,2.5,0.9,10.000000000000002,12,1.1437945781997947,0.002444084336865424,2,1
ms_garch,2.5,0.9,10.000000000000002,13,1.24236892990778,0.0020898262286467234,2,1
ms_garch,2.5,0.9,10.000000000000002,14,1.084638705310606,-0.00019837036502946695,2,1
ms_garch,2.5,0.9,10.000000000000002,15,1.1736747850732208,8.628119459952037e-05,2,1
ms_garch,2.5,0.9,10.000000000000002,16,1.1568192782625704,0.0018727556181489954,2,1
ms_garch,2.5,0.9,10.000000000000002,17,1.1359755454879643,0.0019245998442291412,2,1
ms_garch,2.5,0.9,10.000000000000002,18,1.2160710302906916,0.0021105546054579812,2,1
ms_garch,2.5,0.9,10.000000000000002,19,1.1583875143270543,-0.0001185026902355502,2,1
ms_garch,2.5,0.95,19.999999999999982,0,1.2847706580595621,0.011778343661353682,2,1
ms_garch,2.5,0.95,19.999999999999982,1,1.4582688511136184,0.02575516183054142,2,1
ms_garch,2.5,0.95,19.999999999999982,2,1.3416526502611354,0.03339160371046795,2,1
ms_garch,2.5,0.95,19.999999999999982,3,1.1676219098334029,-0.0009488780252813389,2,1
ms_garch,2.5,0.95,19.999999999999982,4,1.1660012573738898,0.0005647775929060107,2,1
ms_garch,2.5,0.95,19.999999999999982,5,1.246575165131778,0.009436199238097987,2,1
ms_garch,2.5,0.95,19.999999999999982,6,1.3348892612035632,0.008335279447103976,2,1
ms_garch,2.5,0.95,19.999999999999982,7,1.3285347650374533,-0.0015277418714290264,2,1
ms_garch,2.5,0.95,19.999999999999982,8,1.3498455582964264,0.003499128703279967,2,1
ms_garch,2.5,0.95,19.999999999999982,9,1.264233439803622,0.005973801918794947,2,1
ms_garch,2.5,0.95,19.999999999999982,10,1.3561474457311478,0.025895225380322913,2,1
ms_garch,2.5,0.95,19.999999999999982,11,1.418407383600309,-0.0003798186918691666,2,1
ms_garch,2.5,0.95,19.999999999999982,12,1.180065009618232,0.0024320619135537154,2,1
ms_garch,2.5,0.95,19.999999999999982,13,1.2276776265583467,0.0028507204757497293,2,1
ms_garch,2.5,0.95,19.999999999999982,14,1.3994435722138592,0.019834375351781106,2,1
ms_garch,2.5,0.95,19.999999999999982,15,1.2398429351478386,-0.002076434210514773,2,1
ms_garch,2.5,0.95,19.999999999999982,16,1.2696275188861188,-0.0002317984157262577,2,1
ms_garch,2.5,0.95,19.999999999999982,17,1.3451368435182929,0.0037868948791358803,2,1
ms_garch,2.5,0.95,19.999999999999982,18,1.606550332012977,0.03130027238281671,2,1
ms_garch,2.5,0.95,19.999999999999982,19,1.1884366641305417,0.010997942069939563,2,1
ms_garch,2.5,0.99,99.99999999999991,0,1.700832798652525,0.01448007120294154,2,1
ms_garch,2.5,0.99,99.99999999999991,1,1.9476621462928796,0.052767346493939105,2,1
ms_garch,2.5,0.99,99.99999999999991,2,1.730517705965773,0.033793776709263736,2,1
ms_garch,2.5,0.99,99.99999999999991,3,1.88235688770889,0.01262112819073092,2,1
ms_garch,2.5,0.99,99.99999999999991,4,1.7105467365388676,0.04792862951241239,2,1
ms_garch,2.5,0.99,99.99999999999991,5,1.677452044595403,0.10926484581514409,3,0
ms_garch,2.5,0.99,99.99999999999991,6,1.8713098368391508,0.2288452337496363,3,0
ms_garch,2.5,0.99,99.99999999999991,7,1.5519416188819035,0.07322005014215542,4,0
ms_garch,2.5,0.99,99.99999999999991,8,1.4747335126427061,0.2030559537673734,3,0
ms_garch,2.5,0.99,99.99999999999991,9,1.7249719351150528,0.25588746961008907,3,0
ms_garch,2.5,0.99,99.99999999999991,10,1.7101968536047363,0.2889161254566227,2,1
ms_garch,2.5,0.99,99.99999999999991,11,1.6663008389719858,0.010383302819694764,2,1
ms_garch,2.5,0.99,99.99999999999991,12,1.5606416335600948,0.06952599577311433,2,1
ms_garch,2.5,0.99,99.99999999999991,13,1.698163715775644,0.21782255799572714,2,1
ms_garch,2.5,0.99,99.99999999999991,14,1.6773411685243946,-0.0035606318315673418,2,1
ms_garch,2.5,0.99,99.99999999999991,15,1.7259905105396416,0.10879616516330678,3,0
ms_garch,2.5,0.99,99.99999999999991,16,1.1489229822004228,0.0036657964724493386,2,1
ms_garch,2.5,0.99,99.99999999999991,17,1.5521266489005423,-0.013319238688289835,2,1
ms_garch,2.5,0.99,99.99999999999991,18,1.7126252547189764,0.19524665992580392,2,1
ms_garch,2.5,0.99,99.99999999999991,19,1.6264008386525863,0.1823171053999646,2,1
ms_garch,4.0,0.9,10.000000000000002,0,1.1180947306876716,-0.0002586059403255904,2,1
ms_garch,4.0,0.9,10.000000000000002,1,1.3031289295979065,0.004227615570725146,2,1
ms_garch,4.0,0.9,10.000000000000002,2,1.090933704661985,0.000891575683719317,2,1
ms_garch,4.0,0.9,10.000000000000002,3,1.1678930474317848,0.0012851213668450517,2,1
ms_garch,4.0,0.9,10.000000000000002,4,1.2609472202123573,-0.0004967516671305709,2,1
ms_garch,4.0,0.9,10.000000000000002,5,1.2037704632692574,-6.447681345067989e-06,2,1
ms_garch,4.0,0.9,10.000000000000002,6,1.1834813215052646,-0.00010234431123086672,2,1
ms_garch,4.0,0.9,10.000000000000002,7,1.2499276004897175,0.010609091136902603,2,1
ms_garch,4.0,0.9,10.000000000000002,8,1.1781326919131447,-4.306688727646282e-06,2,1
ms_garch,4.0,0.9,10.000000000000002,9,1.2217230904710696,0.005767213941069946,2,1
ms_garch,4.0,0.9,10.000000000000002,10,1.2161057060115101,0.0015428148670710883,2,1
ms_garch,4.0,0.9,10.000000000000002,11,1.2513201896334867,-6.999815303712178e-05,2,1
ms_garch,4.0,0.9,10.000000000000002,12,1.085403371858883,-0.001242545122128683,2,1
ms_garch,4.0,0.9,10.000000000000002,13,1.3158987277984964,-0.0009139278700873799,2,1
ms_garch,4.0,0.9,10.000000000000002,14,1.2364888371400278,0.010447208968383382,2,1
ms_garch,4.0,0.9,10.000000000000002,15,1.2927457644897444,0.0008698207846330048,2,1
ms_garch,4.0,0.9,10.000000000000002,16,1.3862418526514881,0.00016206644481089446,2,1
ms_garch,4.0,0.9,10.000000000000002,17,1.2547735911731452,-5.166581178616433e-06,2,1
ms_garch,4.0,0.9,10.000000000000002,18,1.2081637030472296,0.001303254354620662,2,1
ms_garch,4.0,0.9,10.000000000000002,19,1.261313120117604,0.004845333326148671,2,1
ms_garch,4.0,0.95,19.999999999999982,0,1.4156697743150088,-0.0006228247847527601,2,1
ms_garch,4.0,0.95,19.999999999999982,1,1.2268579838285996,-0.0014695809362039176,2,1
ms_garch,4.0,0.95,19.999999999999982,2,1.3279675673405817,0.015220690302744696,3,0
ms_garch,4.0,0.95,19.999999999999982,3,1.3076764182990117,0.007502607972406951,2,1
ms_garch,4.0,0.95,19.999999999999982,4,1.3698122930879824,0.007031424723486003,2,1
ms_garch,4.0,0.95,19.999999999999982,5,1.3887679295788404,0.005333863636418298,2,1
ms_garch,4.0,0.95,19.999999999999982,6,1.2988872144320744,0.006075968475660246,2,1
ms_garch,4.0,0.95,19.999999999999982,7,1.1843438528095567,0.0061980463642001314,2,1
ms_garch,4.0,0.95,19.999999999999982,8,1.479120603300241,0.04022888787439916,3,0
ms_garch,4.0,0.95,19.999999999999982,9,1.2796962077021945,0.0188655365293693,2,1
ms_garch,4.0,0.95,19.999999999999982,10,1.2790417666298444,0.008492825419385024,2,1
ms_garch,4.0,0.95,19.999999999999982,11,1.2570964600575565,0.0043746369183348755,2,1
ms_garch,4.0,0.95,19.999999999999982,12,1.187789482226739,-0.003990277095274627,2,1
ms_garch,4.0,0.95,19.999999999999982,13,1.3649228071712243,0.015199803383718093,2,1
ms_garch,4.0,0.95,19.999999999999982,14,1.2505204104298269,0.03591716333848434,2,1
ms_garch,4.0,0.95,19.999999999999982,15,1.4118184813479746,0.0022876419829729096,2,1
ms_garch,4.0,0.95,19.999999999999982,16,1.3620779742283695,0.004138687219095406,2,1
ms_garch,4.0,0.95,19.999999999999982,17,1.2922811204511675,0.00939171188660216,3,0
ms_garch,4.0,0.95,19.999999999999982,18,1.400838140284606,0.026347152080521307,2,1
ms_garch,4.0,0.95,19.999999999999982,19,1.3994670889189857,0.017865925496259986,2,1
ms_garch,4.0,0.99,99.99999999999991,0,2.6254831757491073,0.14615272204269844,2,1
ms_garch,4.0,0.99,99.99999999999991,1,2.348124340110557,0.26186554547632096,3,0
ms_garch,4.0,0.99,99.99999999999991,2,2.727589574927747,0.20692182418397168,4,0
ms_garch,4.0,0.99,99.99999999999991,3,2.15981455622273,0.060275208257976665,4,0
ms_garch,4.0,0.99,99.99999999999991,4,2.387246448211817,0.13365479765604973,4,0
ms_garch,4.0,0.99,99.99999999999991,5,1.979547319822164,0.34095298628163373,2,1
ms_garch,4.0,0.99,99.99999999999991,6,1.8876577616171268,0.24063370843624668,3,0
ms_garch,4.0,0.99,99.99999999999991,7,2.3864134825017826,0.32962097040100746,2,1
ms_garch,4.0,0.99,99.99999999999991,8,2.374125344245306,0.0003268648306589574,2,1
ms_garch,4.0,0.99,99.99999999999991,9,2.1627029861757645,0.35865459103990044,2,1
ms_garch,4.0,0.99,99.99999999999991,10,2.022065410104597,0.17536664712440916,4,0
ms_garch,4.0,0.99,99.99999999999991,11,2.097630476498676,0.20119925932809588,3,0
ms_garch,4.0,0.99,99.99999999999991,12,1.1885312285490384,-0.008858431745632485,2,1
ms_garch,4.0,0.99,99.99999999999991,13,2.30354809124861,0.35907203909214896,3,0
ms_garch,4.0,0.99,99.99999999999991,14,2.018920588445537,0.24624465644085325,3,0
ms_garch,4.0,0.99,99.99999999999991,15,2.2343120305775903,0.03631886388444043,2,1
ms_garch,4.0,0.99,99.99999999999991,16,2.069463529017855,0.26529067302911963,3,0
ms_garch,4.0,0.99,99.99999999999991,17,2.193412246714232,0.15951238250839805,3,0
ms_garch,4.0,0.99,99.99999999999991,18,1.7721460435433236,0.18838493517643026,2,1
ms_garch,4.0,0.99,99.99999999999991,19,1.7671767490882688,0.01807935404772619,3,0
ms_garch,6.0,0.9,10.000000000000002,0,1.2165590415324044,0.00036494247179144146,2,1
ms_garch,6.0,0.9,10.000000000000002,1,1.2613608912490373,-0.0007902790325081764,2,1
ms_garch,6.0,0.9,10.000000000000002,2,1.2530987589423779,0.0038679132301895113,2,1
ms_garch,6.0,0.9,10.000000000000002,3,1.3408219054336674,-0.002343711876126858,2,1
ms_garch,6.0,0.9,10.000000000000002,4,1.1774307265548667,-9.641736016425767e-05,2,1
ms_garch,6.0,0.9,10.000000000000002,5,1.1598630019428164,0.0030965235464945314,2,1
ms_garch,6.0,0.9,10.000000000000002,6,1.2479682045964497,-3.743148958324281e-05,2,1
ms_garch,6.0,0.9,10.000000000000002,7,1.368952411466749,-0.00046761859223083083,2,1
ms_garch,6.0,0.9,10.000000000000002,8,1.2027148163670565,-0.00010537072441000892,2,1
ms_garch,6.0,0.9,10.000000000000002,9,1.430497842489918,0.004216053906668745,3,0
ms_garch,6.0,0.9,10.000000000000002,10,1.2351146943595603,0.000579790483273033,2,1
ms_garch,6.0,0.9,10.000000000000002,11,1.280612896021463,-0.0015458475280399862,2,1
ms_garch,6.0,0.9,10.000000000000002,12,1.1975920529060449,0.005451749338821648,2,1
ms_garch,6.0,0.9,10.000000000000002,13,1.2213533360592452,0.0013065830722089015,2,1
ms_garch,6.0,0.9,10.000000000000002,14,1.3931854477279868,0.0015968634545546676,2,1
ms_garch,6.0,0.9,10.000000000000002,15,1.1550654613542009,0.0007949761933441341,2,1
ms_garch,6.0,0.9,10.000000000000002,16,1.194734703254139,-0.00017070613183855886,2,1
ms_garch,6.0,0.9,10.000000000000002,17,1.2041613825782687,0.0003534687702980945,2,1
ms_garch,6.0,0.9,10.000000000000002,18,1.1868105440362255,0.002744258707816773,2,1
ms_garch,6.0,0.9,10.000000000000002,19,1.313554484976136,0.007327915867020586,2,1
ms_garch,6.0,0.95,19.999999999999982,0,1.5857256869897964,0.02614725562079362,2,1
ms_garch,6.0,0.95,19.999999999999982,1,1.3924577011928387,0.011832228287959849,4,0
ms_garch,6.0,0.95,19.999999999999982,2,2.0037177009176816,0.0021875863112335685,2,1
ms_garch,6.0,0.95,19.999999999999982,3,1.3523143110796434,0.003479049481701255,2,1
ms_garch,6.0,0.95,19.999999999999982,4,1.3847729192314029,0.024897653337799364,3,0
ms_garch,6.0,0.95,19.999999999999982,5,1.4513107599717285,0.03587517541596834,2,1
ms_garch,6.0,0.95,19.999999999999982,6,1.5087259530910395,0.030223761214377212,3,0
ms_garch,6.0,0.95,19.999999999999982,7,1.4377279321957521,0.024519305619202847,2,1
ms_garch,6.0,0.95,19.999999999999982,8,1.2167174939024552,0.002333327272907313,2,1
ms_garch,6.0,0.95,19.999999999999982,9,1.2148787880846534,0.0007238504148569913,2,1
ms_garch,6.0,0.95,19.999999999999982,10,1.4894746651875888,0.006636767321841516,2,1
ms_garch,6.0,0.95,19.999999999999982,11,1.364624356507455,0.008593701478508608,2,1
ms_garch,6.0,0.95,19.999999999999982,12,1.409220596786783,0.0056034567610175195,2,1
ms_garch,6.0,0.95,19.999999999999982,13,1.1373670711931165,0.0002056274664404771,2,1
ms_garch,6.0,0.95,19.999999999999982,14,1.4926089699028675,0.026428676610936813,2,1
ms_garch,6.0,0.95,19.999999999999982,15,1.4300664158710186,0.024572144253498306,2,1
ms_garch,6.0,0.95,19.999999999999982,16,1.4357568475595484,0.05138057731175469,2,1
ms_garch,6.0,0.95,19.999999999999982,17,1.497800121470116,0.0562295471948746,2,1
ms_garch,6.0,0.95,19.999999999999982,18,1.4120759406784804,0.0014346268267998146,2,1
ms_garch,6.0,0.95,19.999999999999982,19,1.3115465599280425,0.011764324551308212,4,0
ms_garch,6.0,0.99,99.99999999999991,0,2.0307620081354534,0.08875758981855962,3,0
ms_garch,6.0,0.99,99.99999999999991,1,2.5702808307096037,0.3296083467299248,3,0
ms_garch,6.0,0.99,99.99999999999991,2,1.035913323601837,-0.0009305151051222994,2,1
ms_garch,6.0,0.99,99.99999999999991,3,2.2288977532709415,0.18207406939261844,4,0
ms_garch,6.0,0.99,99.99999999999991,4,2.260333023942137,0.2506186508497894,3,0
ms_garch,6.0,0.99,99.99999999999991,5,1.7247765158707218,0.338154979880066,4,0
ms_garch,6.0,0.99,99.99999999999991,6,2.4710086184110716,0.32796137088622374,3,0
ms_garch,6.0,0.99,99.99999999999991,7,2.7465846144675607,0.13989259189566844,3,0
ms_garch,6.0,0.99,99.99999999999991,8,2.2678210711035938,0.26281530550235593,4,0
ms_garch,6.0,0.99,99.99999999999991,9,3.4831727502255174,-0.0013994965441696372,2,1
ms_garch,6.0,0.99,99.99999999999991,10,1.6424408428094013,0.10328230277212351,4,0
ms_garch,6.0,0.99,99.99999999999991,11,2.3538069121194827,0.2623799347030654,3,0
ms_garch,6.0,0.99,99.99999999999991,12,2.7741947619971525,0.3543632537009682,4,0
ms_garch,6.0,0.99,99.99999999999991,13,2.6529095135381917,0.24479101708565096,3,0
ms_garch,6.0,0.99,99.99999999999991,14,1.7088624866821092,0.17312551362091963,3,0
ms_garch,6.0,0.99,99.99999999999991,15,2.6965012438009333,0.3338938925999679,2,1
ms_garch,6.0,0.99,99.99999999999991,16,2.715897469028156,0.28672885865473463,5,0
ms_garch,6.0,0.99,99.99999999999991,17,2.2660574573553824,0.3010388014075079,3,0
ms_garch,6.0,0.99,99.99999999999991,18,2.3372994983843416,0.3856486085192115,2,1
ms_garch,6.0,0.99,99.99999999999991,19,2.1206406882861457,0.3070087522998879,3,0
ms_garch,10.0,0.9,10.000000000000002,0,1.1906606750553685,-0.0009060379724294907,2,1
ms_garch,10.0,0.9,10.000000000000002,1,1.8961044842983457,-0.000524894628615701,2,1
ms_garch,10.0,0.9,10.000000000000002,2,1.331618642549987,0.009580691788616176,2,1
ms_garch,10.0,0.9,10.000000000000002,3,1.1922185113945472,0.0055044954130516865,2,1
ms_garch,10.0,0.9,10.000000000000002,4,1.1843874204054268,0.0010566214061028076,3,0
ms_garch,10.0,0.9,10.000000000000002,5,1.2277838552031226,-0.00014110321871336307,2,1
ms_garch,10.0,0.9,10.000000000000002,6,1.266260471458073,0.0016554483177151824,2,1
ms_garch,10.0,0.9,10.000000000000002,7,1.2234516817440941,0.005419423295878624,2,1
ms_garch,10.0,0.9,10.000000000000002,8,1.2019233392691988,-0.00013647002359487787,2,1
ms_garch,10.0,0.9,10.000000000000002,9,1.5198166168547935,-0.001112150421509205,2,1
ms_garch,10.0,0.9,10.000000000000002,10,1.1171414617028514,8.831533772647553e-05,2,1
ms_garch,10.0,0.9,10.000000000000002,11,1.2659732414107603,-0.000134555433461438,2,1
ms_garch,10.0,0.9,10.000000000000002,12,1.33596476223077,-0.0005303364034747103,2,1
ms_garch,10.0,0.9,10.000000000000002,13,1.2530781426863415,0.00344881718566471,2,1
ms_garch,10.0,0.9,10.000000000000002,14,1.7643569932261594,0.0002769172874288071,2,1
ms_garch,10.0,0.9,10.000000000000002,15,1.329284038995788,0.001142545380181019,2,1
ms_garch,10.0,0.9,10.000000000000002,16,1.2764096173160704,0.0084570694459394,2,1
ms_garch,10.0,0.9,10.000000000000002,17,1.2841779592856706,-0.0008010363315010296,2,1
ms_garch,10.0,0.9,10.000000000000002,18,1.2885606099965514,0.0012119653626117043,2,1
ms_garch,10.0,0.9,10.000000000000002,19,1.2326239144684965,0.006421114825412458,2,1
ms_garch,10.0,0.95,19.999999999999982,0,1.3989733308404462,0.005460363365291584,2,1
ms_garch,10.0,0.95,19.999999999999982,1,1.334542577355211,0.029054182292991462,2,1
ms_garch,10.0,0.95,19.999999999999982,2,1.2409503233949517,0.0017312891848072789,2,1
ms_garch,10.0,0.95,19.999999999999982,3,1.27409544469188,0.014066062701405181,2,1
ms_garch,10.0,0.95,19.999999999999982,4,1.422202720400152,-0.001237648958821353,2,1
ms_garch,10.0,0.95,19.999999999999982,5,1.1508769855512213,-0.002508467963263888,2,1
ms_garch,10.0,0.95,19.999999999999982,6,1.342392589254425,-0.001462119453242054,2,1
ms_garch,10.0,0.95,19.999999999999982,7,1.3335185675792633,0.01260192624678749,2,1
ms_garch,10.0,0.95,19.999999999999982,8,1.3851004911993265,0.010761466415949458,2,1
ms_garch,10.0,0.95,19.999999999999982,9,1.4942946755802946,0.0199817434227222,2,1
ms_garch,10.0,0.95,19.999999999999982,10,1.6305644640875896,0.05274886788329215,3,0
ms_garch,10.0,0.95,19.999999999999982,11,1.5843396583335516,0.016084314210190163,2,1
ms_garch,10.0,0.95,19.999999999999982,12,1.3811981064859629,0.0001412378720564075,2,1
ms_garch,10.0,0.95,19.999999999999982,13,1.1922547542317747,-0.007849009364581454,2,1
ms_garch,10.0,0.95,19.999999999999982,14,1.0635031359359322,0.00011276264972556425,2,1
ms_garch,10.0,0.95,19.999999999999982,15,1.3626690814995035,0.03979683424254011,2,1
ms_garch,10.0,0.95,19.999999999999982,16,1.7482804096866182,0.015301084616439038,2,1
ms_garch,10.0,0.95,19.999999999999982,17,1.5813355952467787,0.061049644635897904,3,0
ms_garch,10.0,0.95,19.999999999999982,18,1.4581914737255328,0.02454013334613981,2,1
ms_garch,10.0,0.95,19.999999999999982,19,1.4078939950812404,0.006150874185223244,2,1
ms_garch,10.0,0.99,99.99999999999991,0,2.053049156271145,0.2727560639511508,3,0
ms_garch,10.0,0.99,99.99999999999991,1,3.0196108023660857,0.34607738556487316,3,0
ms_garch,10.0,0.99,99.99999999999991,2,2.536501032157427,0.15049679589329096,6,0
ms_garch,10.0,0.99,99.99999999999991,3,2.0081116171898357,0.3526118148096044,4,0
ms_garch,10.0,0.99,99.99999999999991,4,3.0612706373894243,0.46720270960248267,3,0
ms_garch,10.0,0.99,99.99999999999991,5,2.8333587875896256,0.36710700863270723,3,0
ms_garch,10.0,0.99,99.99999999999991,6,2.0282824047998558,0.3152463711098546,3,0
ms_garch,10.0,0.99,99.99999999999991,7,2.255184167669228,0.3606696055091348,3,0
ms_garch,10.0,0.99,99.99999999999991,8,2.667854350189252,0.4011809114997474,2,1
ms_garch,10.0,0.99,99.99999999999991,9,2.1785908472461166,0.14624751520397009,3,0
ms_garch,10.0,0.99,99.99999999999991,10,2.2040241462127907,0.27484540534491214,3,0
ms_garch,10.0,0.99,99.99999999999991,11,2.632574815835039,0.38229523287013917,2,1
ms_garch,10.0,0.99,99.99999999999991,12,2.7155523378604722,0.3385918511866289,3,0
ms_garch,10.0,0.99,99.99999999999991,13,3.070220487914631,0.22402380902117844,4,0
ms_garch,10.0,0.99,99.99999999999991,14,2.372568431044148,0.24435062482390618,3,0
ms_garch,10.0,0.99,99.99999999999991,15,2.4848293888349615,0.10839221050235581,6,0
ms_garch,10.0,0.99,99.99999999999991,16,2.373020182535016,0.13692159743227414,4,0
ms_garch,10.0,0.99,99.99999999999991,17,2.61186340025366,0.3451427996056421,3,0
ms_garch,10.0,0.99,99.99999999999991,18,2.6741341772120477,0.341855871525426,2,1
ms_garch,10.0,0.99,99.99999999999991,19,2.530045984408616,0.4380763260388961,3,0
hmm_t,1.5,0.9,10.000000000000002,0,1.4579441505194093,0.033223441624068664,2,1
hmm_t,1.5,0.9,10.000000000000002,1,1.5683037537568632,0.03395161718082945,2,1
hmm_t,1.5,0.9,10.000000000000002,2,1.4447234940852332,0.015182506195733905,2,1
hmm_t,1.5,0.9,10.000000000000002,3,1.5204674451914169,0.02978539030919732,2,1
hmm_t,1.5,0.9,10.000000000000002,4,1.4703827264708975,0.02192308255969943,2,1
hmm_t,1.5,0.9,10.000000000000002,5,1.4596252113971644,0.021158036887562844,2,1
hmm_t,1.5,0.9,10.000000000000002,6,1.6062092842253861,0.028554648083943517,2,1
hmm_t,1.5,0.9,10.000000000000002,7,1.5903579043878633,0.018245811184386666,2,1
hmm_t,1.5,0.9,10.000000000000002,8,1.4824077700050797,0.03131779559526121,2,1
hmm_t,1.5,0.9,10.000000000000002,9,1.4716175241482534,0.023656876269575237,2,1
hmm_t,1.5,0.9,10.000000000000002,10,1.259203189201813,0.01830459865711317,2,1
hmm_t,1.5,0.9,10.000000000000002,11,1.5040118677802363,0.023649749724537032,2,1
hmm_t,1.5,0.9,10.000000000000002,12,1.5728099332921883,0.017393660598984454,2,1
hmm_t,1.5,0.9,10.000000000000002,13,1.544173244242708,0.03006819460143943,2,1
hmm_t,1.5,0.9,10.000000000000002,14,1.551048520502426,0.028721540895446738,2,1
hmm_t,1.5,0.9,10.000000000000002,15,1.5166757134097482,0.03233597982562053,2,1
hmm_t,1.5,0.9,10.000000000000002,16,1.4773475750179321,0.03319982293776605,2,1
hmm_t,1.5,0.9,10.000000000000002,17,1.5973345615366255,0.014679361394878411,3,0
hmm_t,1.5,0.9,10.000000000000002,18,1.414355385858579,0.01287356423777349,2,1
hmm_t,1.5,0.9,10.000000000000002,19,1.360992341426652,0.022546977660868987,2,1
hmm_t,1.5,0.95,19.999999999999982,0,1.4743428012364628,0.06027539927519642,2,1
hmm_t,1.5,0.95,19.999999999999982,1,1.4816122225601713,0.0850839046398809,2,1
hmm_t,1.5,0.95,19.999999999999982,2,1.4973649750501221,0.0621194792479638,3,0
hmm_t,1.5,0.95,19.999999999999982,3,1.441623024131818,0.06975802723470508,2,1
hmm_t,1.5,0.95,19.999999999999982,4,1.5696005278114284,0.07355984357128756,2,1
hmm_t,1.5,0.95,19.999999999999982,5,1.5651992186836063,0.0533511362011128,2,1
hmm_t,1.5,0.95,19.999999999999982,6,1.55994089840323,0.054538121205082904,2,1
hmm_t,1.5,0.95,19.999999999999982,7,1.4815141154686058,0.07520143732235987,2,1
hmm_t,1.5,0.95,19.999999999999982,8,1.5271128859738197,0.09833020147254926,2,1
hmm_t,1.5,0.95,19.999999999999982,9,1.4657842725353838,0.0759435149871196,2,1
hmm_t,1.5,0.95,19.999999999999982,10,1.5516396633189142,0.07688097716709733,2,1
hmm_t,1.5,0.95,19.999999999999982,11,1.5588731629121368,0.07739477851763323,2,1
hmm_t,1.5,0.95,19.999999999999982,12,1.497921229463415,0.07776681330775743,2,1
hmm_t,1.5,0.95,19.999999999999982,13,1.5560204600629866,0.057617052331323845,2,1
hmm_t,1.5,0.95,19.999999999999982,14,1.4904549320673381,0.09041254239877904,2,1
hmm_t,1.5,0.95,19.999999999999982,15,1.5486102216805504,0.08458332272511071,2,1
hmm_t,1.5,0.95,19.999999999999982,16,1.374898336133312,0.09012746801968115,2,1
hmm_t,1.5,0.95,19.999999999999982,17,1.4626449727365385,0.10738302904387663,2,1
hmm_t,1.5,0.95,19.999999999999982,18,1.522211873092534,0.10791638404426024,2,1
hmm_t,1.5,0.95,19.999999999999982,19,1.5011219862921752,0.040940539782584634,2,1
hmm_t,1.5,0.99,99.99999999999991,0,1.4154310044048566,0.28895581296414713,2,1
hmm_t,1.5,0.99,99.99999999999991,1,1.411210400199461,0.3829259967365743,2,1
hmm_t,1.5,0.99,99.99999999999991,2,1.5974798819732536,0.26151754769573593,2,1
hmm_t,1.5,0.99,99.99999999999991,3,1.4945072817798224,0.22105843330741665,2,1
hmm_t,1.5,0.99,99.99999999999991,4,1.5518809336935304,0.2887143156041764,2,1
hmm_t,1.5,0.99,99.99999999999991,5,1.460805469510371,0.3358756587785134,2,1
hmm_t,1.5,0.99,99.99999999999991,6,1.4823260830927505,0.22177296114574124,2,1
hmm_t,1.5,0.99,99.99999999999991,7,1.573872801507354,0.27798011631182434,2,1
hmm_t,1.5,0.99,99.99999999999991,8,1.4802332988666032,0.2893017535126211,2,1
hmm_t,1.5,0.99,99.99999999999991,9,1.4761580437831308,0.3621029754462065,2,1
hmm_t,1.5,0.99,99.99999999999991,10,1.4945860708615382,0.25914548131552284,2,1
hmm_t,1.5,0.99,99.99999999999991,11,1.4490874245345664,0.3334676938788053,2,1
hmm_t,1.5,0.99,99.99999999999991,12,1.4665439707366104,0.3026773888697216,2,1
hmm_t,1.5,0.99,99.99999999999991,13,1.4482763025467282,0.3109040890000026,2,1
hmm_t,1.5,0.99,99.99999999999991,14,1.5405318438421314,0.3573274701100149,2,1
hmm_t,1.5,0.99,99.99999999999991,15,1.51305314753236,0.21520409428987022,2,1
hmm_t,1.5,0.99,99.99999999999991,16,1.4778149579011939,0.34045270762173113,2,1
hmm_t,1.5,0.99,99.99999999999991,17,1.527244161053256,0.14339759079869044,2,1
hmm_t,1.5,0.99,99.99999999999991,18,1.6298526653661396,0.2823292968781201,3,0
hmm_t,1.5,0.99,99.99999999999991,19,1.485479727618878,0.27701073553312033,2,1
hmm_t,2.0,0.9,10.000000000000002,0,1.9780139318559717,0.05731643378559645,2,1
hmm_t,2.0,0.9,10.000000000000002,1,1.9145408608886674,0.04661704095458381,2,1
hmm_t,2.0,0.9,10.000000000000002,2,2.022828457781945,0.04821521298086854,2,1
hmm_t,2.0,0.9,10.000000000000002,3,1.992655871743749,0.06456571149524225,2,1
hmm_t,2.0,0.9,10.000000000000002,4,1.93776791722696,0.03870481450041027,2,1
hmm_t,2.0,0.9,10.000000000000002,5,1.8704420071106458,0.04442118364398973,2,1
hmm_t,2.0,0.9,10.000000000000002,6,2.036442689077025,0.057803427320290715,2,1
hmm_t,2.0,0.9,10.000000000000002,7,1.9915654220045054,0.04733419806772921,2,1
hmm_t,2.0,0.9,10.000000000000002,8,2.1089255689947883,0.047988836589550124,2,1
hmm_t,2.0,0.9,10.000000000000002,9,2.0382968428181294,0.07577109686063248,2,1
hmm_t,2.0,0.9,10.000000000000002,10,1.8970163984711004,0.0651498253849878,2,1
hmm_t,2.0,0.9,10.000000000000002,11,1.9817836038074148,0.038063770287774995,2,1
hmm_t,2.0,0.9,10.000000000000002,12,1.858875391696201,0.04092225745249161,2,1
hmm_t,2.0,0.9,10.000000000000002,13,2.0772688836912723,0.04781362849519976,2,1
hmm_t,2.0,0.9,10.000000000000002,14,2.1671340733512947,0.05935237651853864,3,0
hmm_t,2.0,0.9,10.000000000000002,15,1.997949890369539,0.061672284339445584,2,1
hmm_t,2.0,0.9,10.000000000000002,16,2.144701942206649,0.08180856867118548,2,1
hmm_t,2.0,0.9,10.000000000000002,17,1.9155867877356862,0.06231709862845933,2,1
hmm_t,2.0,0.9,10.000000000000002,18,2.159528368809517,0.04978847273356628,2,1
hmm_t,2.0,0.9,10.000000000000002,19,2.0521540982288755,0.057393516998735274,2,1
hmm_t,2.0,0.95,19.999999999999982,0,2.097068584502534,0.15690668108162106,2,1
hmm_t,2.0,0.95,19.999999999999982,1,2.011724653292502,0.16337579166964625,2,1
hmm_t,2.0,0.95,19.999999999999982,2,2.07563657158074,0.13336875035318693,2,1
hmm_t,2.0,0.95,19.999999999999982,3,2.057376083458635,0.14453712938520824,2,1
hmm_t,2.0,0.95,19.999999999999982,4,1.9523536420218133,0.1245619707013624,2,1
hmm_t,2.0,0.95,19.999999999999982,5,1.9439417417599907,0.13106052668496956,2,1
hmm_t,2.0,0.95,19.999999999999982,6,2.1960152554103374,0.0979279791890681,2,1
hmm_t,2.0,0.95,19.999999999999982,7,2.0425405839562347,0.20544504526606958,2,1
hmm_t,2.0,0.95,19.999999999999982,8,1.9973488947790596,0.16759972739934484,2,1
hmm_t,2.0,0.95,19.999999999999982,9,1.9160704741772585,0.13223949708975466,2,1
hmm_t,2.0,0.95,19.999999999999982,10,1.9571749927165496,0.11986106299678573,2,1
hmm_t,2.0,0.95,19.999999999999982,11,1.7773010924989543,0.11486915153223622,2,1
hmm_t,2.0,0.95,19.999999999999982,12,1.901506474530346,0.09933713687014022,2,1
hmm_t,2.0,0.95,19.999999999999982,13,2.0201644209509197,0.12934372516879966,2,1
hmm_t,2.0,0.95,19.999999999999982,14,1.8692810573302627,0.13409104790797866,2,1
hmm_t,2.0,0.95,19.999999999999982,15,2.033644235156208,0.1343442898247494,2,1
hmm_t,2.0,0.95,19.999999999999982,16,1.99173057677092,0.1094603035447292,2,1
hmm_t,2.0,0.95,19.999999999999982,17,1.9611736706027512,0.1870628730982073,2,1
hmm_t,2.0,0.95,19.999999999999982,18,1.8565400586095393,0.10094229316366111,2,1
hmm_t,2.0,0.95,19.999999999999982,19,1.9667700371927426,0.13752820665513474,2,1
hmm_t,2.0,0.99,99.99999999999991,0,1.9980547636731179,0.48153221960287934,2,1
hmm_t,2.0,0.99,99.99999999999991,1,1.946881963740737,0.4894134900625889,2,1
hmm_t,2.0,0.99,99.99999999999991,2,1.956267363924208,0.476882753372393,2,1
hmm_t,2.0,0.99,99.99999999999991,3,1.970897187265235,0.4748417664825821,2,1
hmm_t,2.0,0.99,99.99999999999991,4,1.9113913253122814,0.3952291487872889,2,1
hmm_t,2.0,0.99,99.99999999999991,5,1.958517265746363,0.47655129926072015,2,1
hmm_t,2.0,0.99,99.99999999999991,6,1.9790129222071189,0.4192579110078391,2,1
hmm_t,2.0,0.99,99.99999999999991,7,1.9055684563973991,0.5502950769957974,2,1
hmm_t,2.0,0.99,99.99999999999991,8,2.0269459542320307,0.5738374299026867,2,1
hmm_t,2.0,0.99,99.99999999999991,9,2.03355808219911,0.5319379487012487,2,1
hmm_t,2.0,0.99,99.99999999999991,10,1.930362083530996,0.49129104798190665,2,1
hmm_t,2.0,0.99,99.99999999999991,11,2.001438646441564,0.405907419267784,2,1
hmm_t,2.0,0.99,99.99999999999991,12,1.8703829482459675,0.5638656910878299,2,1
hmm_t,2.0,0.99,99.99999999999991,13,1.9630595348404931,0.555233972220227,2,1
hmm_t,2.0,0.99,99.99999999999991,14,1.8690853917448829,0.41153393763557167,2,1
hmm_t,2.0,0.99,99.99999999999991,15,2.091218486882117,0.5287669079762292,2,1
hmm_t,2.0,0.99,99.99999999999991,16,2.0183416371702623,0.5498781379773371,2,1
hmm_t,2.0,0.99,99.99999999999991,17,2.074233201893098,0.5074090436436669,2,1
hmm_t,2.0,0.99,99.99999999999991,18,1.9585698273676686,0.5977525193285584,2,1
hmm_t,2.0,0.99,99.99999999999991,19,2.101666325768985,0.5051298539461891,2,1
hmm_t,2.5,0.9,10.000000000000002,0,2.4956172070988254,0.04325250054454235,2,1
hmm_t,2.5,0.9,10.000000000000002,1,2.40749137276216,0.06403426549483347,2,1
hmm_t,2.5,0.9,10.000000000000002,2,2.523727204254729,0.0815776998706294,2,1
hmm_t,2.5,0.9,10.000000000000002,3,2.692643329736383,0.0791176428306131,2,1
hmm_t,2.5,0.9,10.000000000000002,4,2.5086111890966865,0.053796331561913054,2,1
hmm_t,2.5,0.9,10.000000000000002,5,2.4736309478406926,0.06733101650020192,2,1
hmm_t,2.5,0.9,10.000000000000002,6,2.491099765632866,0.05494423243328986,2,1
hmm_t,2.5,0.9,10.000000000000002,7,2.4749937430954345,0.048670865740694055,3,0
hmm_t,2.5,0.9,10.000000000000002,8,2.3432782401547847,0.06251145076418663,2,1
hmm_t,2.5,0.9,10.000000000000002,9,2.4278995996755404,0.055699183209265674,2,1
hmm_t,2.5,0.9,10.000000000000002,10,2.47054040935393,0.07573423453622041,2,1
hmm_t,2.5,0.9,10.000000000000002,11,2.3860030317041154,0.07035909637361486,2,1
hmm_t,2.5,0.9,10.000000000000002,12,2.568385256489342,0.07176989546441434,2,1
hmm_t,2.5,0.9,10.000000000000002,13,2.4442230917677503,0.05289829119945341,2,1
hmm_t,2.5,0.9,10.000000000000002,14,2.6191663974572896,0.05822012548843684,2,1
hmm_t,2.5,0.9,10.000000000000002,15,2.6654893489069935,0.08207584629848189,2,1
hmm_t,2.5,0.9,10.000000000000002,16,2.4393125809791854,0.08275771530895824,2,1
hmm_t,2.5,0.9,10.000000000000002,17,2.467592369284757,0.08269653487916705,2,1
hmm_t,2.5,0.9,10.000000000000002,18,2.598214292379024,0.05896974941786143,2,1
hmm_t,2.5,0.9,10.000000000000002,19,2.535360417182751,0.04712086149925558,2,1
hmm_t,2.5,0.95,19.999999999999982,0,2.5595283386573113,0.17222830459615493,2,1
hmm_t,2.5,0.95,19.999999999999982,1,2.7731410874499725,0.14512608492828036,2,1
hmm_t,2.5,0.95,19.999999999999982,2,2.521356728254316,0.17100053385731154,2,1
hmm_t,2.5,0.95,19.999999999999982,3,2.505555011819718,0.1771976885612645,2,1
hmm_t,2.5,0.95,19.999999999999982,4,2.509630882612099,0.11433265914025516,2,1
hmm_t,2.5,0.95,19.999999999999982,5,2.542875785471356,0.10626767483937721,2,1
hmm_t,2.5,0.95,19.999999999999982,6,2.494979828523427,0.14373134287730008,2,1
hmm_t,2.5,0.95,19.999999999999982,7,2.66617891932453,0.10091083255934523,2,1
hmm_t,2.5,0.95,19.999999999999982,8,2.8413807093264563,0.158490595985141,2,1
hmm_t,2.5,0.95,19.999999999999982,9,2.405081280804395,0.1516131534828665,2,1
hmm_t,2.5,0.95,19.999999999999982,10,2.49340029134053,0.1436104515620977,2,1
hmm_t,2.5,0.95,19.999999999999982,11,2.485621882889679,0.2335822540534965,2,1
hmm_t,2.5,0.95,19.999999999999982,12,2.434561024962849,0.14391791049140484,2,1
hmm_t,2.5,0.95,19.999999999999982,13,2.526775742445392,0.1724494864225677,2,1
hmm_t,2.5,0.95,19.999999999999982,14,2.6845105181193296,0.15569868861770683,2,1
hmm_t,2.5,0.95,19.999999999999982,15,2.625561626643193,0.16267800674504818,2,1
hmm_t,2.5,0.95,19.999999999999982,16,2.5409743062495016,0.15951615833701646,2,1
hmm_t,2.5,0.95,19.999999999999982,17,2.411260177927381,0.13075157941223983,2,1
hmm_t,2.5,0.95,19.999999999999982,18,2.627889377004894,0.21180894885957244,2,1
hmm_t,2.5,0.95,19.999999999999982,19,2.5062365703332095,0.14300015840270053,2,1
hmm_t,2.5,0.99,99.99999999999991,0,2.463477643346803,0.6320131491988714,2,1
hmm_t,2.5,0.99,99.99999999999991,1,2.4914473762977867,0.624654765546182,2,1
hmm_t,2.5,0.99,99.99999999999991,2,2.437204886492034,0.5906446226298396,2,1
hmm_t,2.5,0.99,99.99999999999991,3,2.5131674404223308,0.5928091651340189,2,1
hmm_t,2.5,0.99,99.99999999999991,4,2.494165139241862,0.6405688253575998,2,1
hmm_t,2.5,0.99,99.99999999999991,5,2.55685508669832,0.6526874537129751,2,1
hmm_t,2.5,0.99,99.99999999999991,6,2.3901795495377782,0.5928149835195913,2,1
hmm_t,2.5,0.99,99.99999999999991,7,2.5366986304998558,0.6399283848731339,2,1
hmm_t,2.5,0.99,99.99999999999991,8,2.629971501917125,0.6186323457328204,2,1
hmm_t,2.5,0.99,99.99999999999991,9,2.4056435515451646,0.5045650759230257,2,1
hmm_t,2.5,0.99,99.99999999999991,10,2.4865444951306124,0.5950232814165247,2,1
hmm_t,2.5,0.99,99.99999999999991,11,2.6226215558375787,0.5200310271467513,2,1
hmm_t,2.5,0.99,99.99999999999991,12,2.628501169298742,0.524599864949085,2,1
hmm_t,2.5,0.99,99.99999999999991,13,2.4830050575437013,0.5416044160528343,2,1
hmm_t,2.5,0.99,99.99999999999991,14,2.5202869329906834,0.6013946749421241,2,1
hmm_t,2.5,0.99,99.99999999999991,15,2.532263190182139,0.6265551247125611,2,1
hmm_t,2.5,0.99,99.99999999999991,16,2.6390314703080042,0.5315188594549541,2,1
hmm_t,2.5,0.99,99.99999999999991,17,2.459150890712965,0.5793314191937069,2,1
hmm_t,2.5,0.99,99.99999999999991,18,2.647310248653961,0.5781250185925619,2,1
hmm_t,2.5,0.99,99.99999999999991,19,2.584896510286856,0.6481085226859975,2,1
hmm_t,4.0,0.9,10.000000000000002,0,4.106977384175754,0.07160664693277095,2,1
hmm_t,4.0,0.9,10.000000000000002,1,4.009203605467187,0.06823556404456757,2,1
hmm_t,4.0,0.9,10.000000000000002,2,3.91693112684843,0.07312723979308844,2,1
hmm_t,4.0,0.9,10.000000000000002,3,4.033055677565676,0.05474001619880754,2,1
hmm_t,4.0,0.9,10.000000000000002,4,4.04129055514713,0.06192400453359347,2,1
hmm_t,4.0,0.9,10.000000000000002,5,3.984382564566524,0.09766748983007044,2,1
hmm_t,4.0,0.9,10.000000000000002,6,4.083686845413475,0.06711864638511396,2,1
hmm_t,4.0,0.9,10.000000000000002,7,3.969372773002863,0.0976636876556319,2,1
hmm_t,4.0,0.9,10.000000000000002,8,3.984875970425035,0.04802495240995088,2,1
hmm_t,4.0,0.9,10.000000000000002,9,3.936225369668214,0.06406290737251072,2,1
hmm_t,4.0,0.9,10.000000000000002,10,4.043513366883962,0.05738735089516561,2,1
hmm_t,4.0,0.9,10.000000000000002,11,3.9035557253442073,0.07485978072343852,2,1
hmm_t,4.0,0.9,10.000000000000002,12,4.040944369672784,0.06231767087238875,2,1
hmm_t,4.0,0.9,10.000000000000002,13,4.208834852627582,0.05911362267078192,2,1
hmm_t,4.0,0.9,10.000000000000002,14,3.7213489741082864,0.09591284437051124,2,1
hmm_t,4.0,0.9,10.000000000000002,15,4.019337635577834,0.08508658826317578,2,1
hmm_t,4.0,0.9,10.000000000000002,16,4.1671253587399955,0.11926596260382528,2,1
hmm_t,4.0,0.9,10.000000000000002,17,3.9211717915763824,0.07956049773221786,2,1
hmm_t,4.0,0.9,10.000000000000002,18,3.8149412026562044,0.07728008166288096,2,1
hmm_t,4.0,0.9,10.000000000000002,19,4.236625475558818,0.07844503997831674,2,1
hmm_t,4.0,0.95,19.999999999999982,0,4.013648283431696,0.22452145724144085,2,1
hmm_t,4.0,0.95,19.999999999999982,1,3.92248526361998,0.1948366021849403,2,1
hmm_t,4.0,0.95,19.999999999999982,2,3.9335097743293104,0.17995486978051145,2,1
hmm_t,4.0,0.95,19.999999999999982,3,3.6924011205329337,0.17723650478090078,2,1
hmm_t,4.0,0.95,19.999999999999982,4,4.084327081876663,0.21998637223566644,2,1
hmm_t,4.0,0.95,19.999999999999982,5,3.9028310009156706,0.21476717524059938,2,1
hmm_t,4.0,0.95,19.999999999999982,6,3.886246912748844,0.22718552638120817,2,1
hmm_t,4.0,0.95,19.999999999999982,7,3.911077902944439,0.17758211921602726,2,1
hmm_t,4.0,0.95,19.999999999999982,8,3.9237592554981435,0.14636294423173804,2,1
hmm_t,4.0,0.95,19.999999999999982,9,3.8490925891798136,0.17346467268458915,2,1
hmm_t,4.0,0.95,19.999999999999982,10,4.004114051685728,0.18854180995762262,2,1
hmm_t,4.0,0.95,19.999999999999982,11,3.6877333860231007,0.1871584235659855,2,1
hmm_t,4.0,0.95,19.999999999999982,12,3.88529618901195,0.23253916337364952,2,1
hmm_t,4.0,0.95,19.999999999999982,13,4.422548049706762,0.1692475773080991,2,1
hmm_t,4.0,0.95,19.999999999999982,14,3.797471533881804,0.16401679674825234,2,1
hmm_t,4.0,0.95,19.999999999999982,15,4.131899639195394,0.20242365715472563,2,1
hmm_t,4.0,0.95,19.999999999999982,16,4.194455535519682,0.1994302600298164,2,1
hmm_t,4.0,0.95,19.999999999999982,17,3.9005503801210426,0.222609357767865,2,1
hmm_t,4.0,0.95,19.999999999999982,18,4.056806170605003,0.1909798156553737,2,1
hmm_t,4.0,0.95,19.999999999999982,19,3.9969321494764047,0.19098016362517511,2,1
hmm_t,4.0,0.99,99.99999999999991,0,4.171448493654632,0.7429926003050774,2,1
hmm_t,4.0,0.99,99.99999999999991,1,4.185950871134049,0.6245936633337654,2,1
hmm_t,4.0,0.99,99.99999999999991,2,4.042583541767967,0.6531401264752185,2,1
hmm_t,4.0,0.99,99.99999999999991,3,4.147743108358813,0.5774708310729061,2,1
hmm_t,4.0,0.99,99.99999999999991,4,4.123987854944281,0.5996150870287913,2,1
hmm_t,4.0,0.99,99.99999999999991,5,3.8399163287365163,0.6777591027354811,2,1
hmm_t,4.0,0.99,99.99999999999991,6,4.0957559328579425,0.6592752600786433,2,1
hmm_t,4.0,0.99,99.99999999999991,7,4.147840435679322,0.6437744488502417,2,1
hmm_t,4.0,0.99,99.99999999999991,8,3.8814139939065306,0.6701458569436441,2,1
hmm_t,4.0,0.99,99.99999999999991,9,3.8986157717236978,0.6572607516266589,2,1
hmm_t,4.0,0.99,99.99999999999991,10,4.3041640584621845,0.6405333113544129,2,1
hmm_t,4.0,0.99,99.99999999999991,11,3.9318058875515147,0.6258409851401945,2,1
hmm_t,4.0,0.99,99.99999999999991,12,4.086535144334379,0.6039604225347457,2,1
hmm_t,4.0,0.99,99.99999999999991,13,4.125645516175119,0.6566046739961355,2,1
hmm_t,4.0,0.99,99.99999999999991,14,3.9349832587751714,0.6802274858834239,2,1
hmm_t,4.0,0.99,99.99999999999991,15,3.9152011848669845,0.6795713639389631,2,1
hmm_t,4.0,0.99,99.99999999999991,16,4.105370558508136,0.6093461384806543,2,1
hmm_t,4.0,0.99,99.99999999999991,17,3.7311300994448904,0.5571427266802809,2,1
hmm_t,4.0,0.99,99.99999999999991,18,4.042253461939314,0.6183486396436045,2,1
hmm_t,4.0,0.99,99.99999999999991,19,3.9499552201129884,0.6530587482187029,2,1
hmm_t,6.0,0.9,10.000000000000002,0,6.250901116242263,0.0900581910615655,2,1
hmm_t,6.0,0.9,10.000000000000002,1,5.816797596840727,0.055709159463499115,2,1
hmm_t,6.0,0.9,10.000000000000002,2,5.398443136683303,0.056015389240852545,2,1
hmm_t,6.0,0.9,10.000000000000002,3,5.815510307651849,0.0764341599677748,2,1
hmm_t,6.0,0.9,10.000000000000002,4,5.38463256937796,0.10608163860079635,2,1
hmm_t,6.0,0.9,10.000000000000002,5,5.962987543149562,0.08067353747764282,2,1
hmm_t,6.0,0.9,10.000000000000002,6,6.177717464203802,0.07348971002026296,2,1
hmm_t,6.0,0.9,10.000000000000002,7,6.109864928584603,0.0655100118564729,2,1
hmm_t,6.0,0.9,10.000000000000002,8,6.131484342643404,0.060528177282801555,2,1
hmm_t,6.0,0.9,10.000000000000002,9,6.248765911969814,0.08115273036478914,2,1
hmm_t,6.0,0.9,10.000000000000002,10,6.1461704323042765,0.07466077656370466,2,1
hmm_t,6.0,0.9,10.000000000000002,11,6.311569015594196,0.08813963863248345,2,1
hmm_t,6.0,0.9,10.000000000000002,12,5.816316540751456,0.08648855295161352,2,1
hmm_t,6.0,0.9,10.000000000000002,13,6.221078698140089,0.11164772134933988,2,1
hmm_t,6.0,0.9,10.000000000000002,14,6.089818856014157,0.08695250550504419,2,1
hmm_t,6.0,0.9,10.000000000000002,15,6.326235495757204,0.07138830509551007,2,1
hmm_t,6.0,0.9,10.000000000000002,16,5.969297926680249,0.0711773756838266,2,1
hmm_t,6.0,0.9,10.000000000000002,17,6.181969563451427,0.06171325624652771,2,1
hmm_t,6.0,0.9,10.000000000000002,18,6.382789507499115,0.052989552458552844,2,1
hmm_t,6.0,0.9,10.000000000000002,19,6.010866453532925,0.0919882946893558,2,1
hmm_t,6.0,0.95,19.999999999999982,0,5.791110669419431,0.20342362598335936,2,1
hmm_t,6.0,0.95,19.999999999999982,1,6.022274800143281,0.1923820863409287,2,1
hmm_t,6.0,0.95,19.999999999999982,2,6.213678831996692,0.20192819401116452,2,1
hmm_t,6.0,0.95,19.999999999999982,3,6.067465657191014,0.2166274052247923,2,1
hmm_t,6.0,0.95,19.999999999999982,4,6.313988413381895,0.1561866287496493,2,1
hmm_t,6.0,0.95,19.999999999999982,5,5.840046187488324,0.17454732925705801,2,1
hmm_t,6.0,0.95,19.999999999999982,6,5.780727318263175,0.23242974697653496,2,1
hmm_t,6.0,0.95,19.999999999999982,7,6.17363097374521,0.16369548775152387,2,1
hmm_t,6.0,0.95,19.999999999999982,8,5.878098877572499,0.24072625377245363,2,1
hmm_t,6.0,0.95,19.999999999999982,9,6.149577474660672,0.19343844132926888,2,1
hmm_t,6.0,0.95,19.999999999999982,10,5.792133571605395,0.17825302992780626,2,1
hmm_t,6.0,0.95,19.999999999999982,11,6.1442354707230304,0.24386943032709363,2,1
hmm_t,6.0,0.95,19.999999999999982,12,6.110849849948028,0.18089233163326965,2,1
hmm_t,6.0,0.95,19.999999999999982,13,6.218776342878157,0.18680724923538083,2,1
hmm_t,6.0,0.95,19.999999999999982,14,5.727308028982478,0.2052078744779355,2,1
hmm_t,6.0,0.95,19.999999999999982,15,6.108974970623467,0.21923145583490836,2,1
hmm_t,6.0,0.95,19.999999999999982,16,6.110284727853146,0.1620390579168733,2,1
hmm_t,6.0,0.95,19.999999999999982,17,6.198462780905943,0.2708773501508929,2,1
hmm_t,6.0,0.95,19.999999999999982,18,6.1235655468121015,0.2034182433537679,2,1
hmm_t,6.0,0.95,19.999999999999982,19,6.201271368675786,0.19379144014614427,2,1
hmm_t,6.0,0.99,99.99999999999991,0,5.742853180780267,0.6953545779709462,2,1
hmm_t,6.0,0.99,99.99999999999991,1,5.7534560626175875,0.6728151961524594,2,1
hmm_t,6.0,0.99,99.99999999999991,2,6.184226118152435,0.6874418082303905,2,1
hmm_t,6.0,0.99,99.99999999999991,3,5.825849522696225,0.6966208832273493,2,1
hmm_t,6.0,0.99,99.99999999999991,4,6.035768850839166,0.7610238137030851,2,1
hmm_t,6.0,0.99,99.99999999999991,5,5.887245782774861,0.6392877560909453,2,1
hmm_t,6.0,0.99,99.99999999999991,6,5.914556023007265,0.7278953231874321,2,1
hmm_t,6.0,0.99,99.99999999999991,7,5.928658183354142,0.6706817758889737,2,1
hmm_t,6.0,0.99,99.99999999999991,8,5.918018930103078,0.6800675174769851,2,1
hmm_t,6.0,0.99,99.99999999999991,9,5.793109301404824,0.7298047085024428,2,1
hmm_t,6.0,0.99,99.99999999999991,10,6.188608820215915,0.6170907898385422,2,1
hmm_t,6.0,0.99,99.99999999999991,11,6.028313892368416,0.6064500408269308,2,1
hmm_t,6.0,0.99,99.99999999999991,12,5.981244926796299,0.7222031896688207,2,1
hmm_t,6.0,0.99,99.99999999999991,13,5.843932073200461,0.6993962422430878,2,1
hmm_t,6.0,0.99,99.99999999999991,14,5.940549786272714,0.6893951174553775,2,1
hmm_t,6.0,0.99,99.99999999999991,15,5.718202588087126,0.6512536912808268,2,1
hmm_t,6.0,0.99,99.99999999999991,16,5.735139347909617,0.7026999726970071,2,1
hmm_t,6.0,0.99,99.99999999999991,17,6.508137138918243,0.6875101539555887,2,1
hmm_t,6.0,0.99,99.99999999999991,18,6.098092297168249,0.6914949796444085,2,1
hmm_t,6.0,0.99,99.99999999999991,19,6.072517790400941,0.7156526205999449,2,1
hmm_t,10.0,0.9,10.000000000000002,0,10.065537949233544,0.08229957001264034,2,1
hmm_t,10.0,0.9,10.000000000000002,1,9.74875283434467,0.10196452469952505,2,1
hmm_t,10.0,0.9,10.000000000000002,2,9.762044711135694,0.10324483406634,2,1
hmm_t,10.0,0.9,10.000000000000002,3,9.590727019322973,0.08668935540305737,2,1
hmm_t,10.0,0.9,10.000000000000002,4,9.949296840330105,0.06071316906095631,2,1
hmm_t,10.0,0.9,10.000000000000002,5,10.370601202661183,0.08928740945224846,2,1
hmm_t,10.0,0.9,10.000000000000002,6,9.438070377185445,0.04828442450099319,2,1
hmm_t,10.0,0.9,10.000000000000002,7,9.85361302573731,0.07687786642805677,2,1
hmm_t,10.0,0.9,10.000000000000002,8,9.843458059457186,0.07776655420106413,2,1
hmm_t,10.0,0.9,10.000000000000002,9,9.932736254055651,0.06929777794359916,2,1
hmm_t,10.0,0.9,10.000000000000002,10,10.378982470490028,0.06930218364179966,2,1
hmm_t,10.0,0.9,10.000000000000002,11,9.60615214002134,0.08160217189407083,2,1
hmm_t,10.0,0.9,10.000000000000002,12,9.863927017348436,0.08738866983435142,2,1
hmm_t,10.0,0.9,10.000000000000002,13,9.945315334334893,0.09567213800098918,2,1
hmm_t,10.0,0.9,10.000000000000002,14,9.526431582929566,0.07309234620128216,2,1
hmm_t,10.0,0.9,10.000000000000002,15,9.679834664691892,0.0777604691355053,2,1
hmm_t,10.0,0.9,10.000000000000002,16,10.624550590421885,0.07888238606363286,2,1
hmm_t,10.0,0.9,10.000000000000002,17,9.725311662242957,0.07379867008270213,2,1
hmm_t,10.0,0.9,10.000000000000002,18,10.34246520795477,0.04087387971267459,2,1
hmm_t,10.0,0.9,10.000000000000002,19,9.210291137215135,0.07098981557362259,2,1
hmm_t,10.0,0.95,19.999999999999982,0,10.246643467375925,0.19167102850866574,2,1
hmm_t,10.0,0.95,19.999999999999982,1,10.059295029978411,0.23216857777668173,2,1
hmm_t,10.0,0.95,19.999999999999982,2,9.759594723596559,0.1617595588518012,2,1
hmm_t,10.0,0.95,19.999999999999982,3,9.791095704368901,0.21249990430760238,2,1
hmm_t,10.0,0.95,19.999999999999982,4,10.3762045388138,0.2030050266463681,2,1
hmm_t,10.0,0.95,19.999999999999982,5,10.144878662296618,0.2293849243271711,2,1
hmm_t,10.0,0.95,19.999999999999982,6,10.139054149960494,0.18231474568304784,2,1
hmm_t,10.0,0.95,19.999999999999982,7,9.483476311308175,0.20486963811812048,2,1
hmm_t,10.0,0.95,19.999999999999982,8,10.306903660006245,0.24985108031548484,2,1
hmm_t,10.0,0.95,19.999999999999982,9,9.616551161803011,0.20378338945314003,2,1
hmm_t,10.0,0.95,19.999999999999982,10,9.433285409833754,0.24903892136292533,2,1
hmm_t,10.0,0.95,19.999999999999982,11,10.521453803008102,0.2030555539738425,2,1
hmm_t,10.0,0.95,19.999999999999982,12,10.015219999421777,0.2087566835428192,2,1
hmm_t,10.0,0.95,19.999999999999982,13,9.937697710437163,0.21476789130700663,2,1
hmm_t,10.0,0.95,19.999999999999982,14,9.783611998454324,0.2132826799430024,2,1
hmm_t,10.0,0.95,19.999999999999982,15,10.379801088307454,0.1965961821373891,2,1
hmm_t,10.0,0.95,19.999999999999982,16,9.807579506333047,0.20480002663522248,2,1
hmm_t,10.0,0.95,19.999999999999982,17,10.539554489633064,0.21773934356868374,2,1
hmm_t,10.0,0.95,19.999999999999982,18,10.238089040989777,0.1598182110282215,2,1
hmm_t,10.0,0.95,19.999999999999982,19,9.665061152267842,0.19624874060924938,2,1
hmm_t,10.0,0.99,99.99999999999991,0,9.758452726849182,0.7041714001330519,2,1
hmm_t,10.0,0.99,99.99999999999991,1,10.108321813767553,0.6485828991163195,2,1
hmm_t,10.0,0.99,99.99999999999991,2,9.297249316978261,0.5290582685252881,2,1
hmm_t,10.0,0.99,99.99999999999991,3,9.665060848028215,0.6972853359360447,2,1
hmm_t,10.0,0.99,99.99999999999991,4,10.62618330411337,0.6723344648944675,2,1
hmm_t,10.0,0.99,99.99999999999991,5,10.032147180135532,0.6881545340061347,2,1
hmm_t,10.0,0.99,99.99999999999991,6,11.670726391278688,0.7251660056440402,2,1
hmm_t,10.0,0.99,99.99999999999991,7,10.225011624541612,0.6894933725811395,2,1
hmm_t,10.0,0.99,99.99999999999991,8,10.106118312363698,0.7068574053220006,2,1
hmm_t,10.0,0.99,99.99999999999991,9,9.824425482705424,0.7081834360398899,2,1
hmm_t,10.0,0.99,99.99999999999991,10,9.817505230205759,0.7150895924132525,2,1
hmm_t,10.0,0.99,99.99999999999991,11,10.211401638338614,0.7531934672820003,2,1
hmm_t,10.0,0.99,99.99999999999991,12,10.155772344800905,0.7081650031199914,2,1
hmm_t,10.0,0.99,99.99999999999991,13,10.596803000847919,0.6278226233753296,2,1
hmm_t,10.0,0.99,99.99999999999991,14,10.105278955306305,0.6158328323566037,2,1
hmm_t,10.0,0.99,99.99999999999991,15,9.41059306020053,0.5765205548362501,2,1
hmm_t,10.0,0.99,99.99999999999991,16,9.69153612907063,0.7526770872469384,2,1
hmm_t,10.0,0.99,99.99999999999991,17,9.696596007396858,0.6861668562716755,2,1
hmm_t,10.0,0.99,99.99999999999991,18,9.80998654865763,0.7034799598654462,2,1
hmm_t,10.0,0.99,99.99999999999991,19,9.33899559421784,0.6781411674425901,2,1
